lon,lat,Grade,ActiveTeams,InactiveTeams,School,Local District,Hosting,Grants,VIQC,VRC,Workshop,NumberofteamsVEXIQESLeague,EventDatesVEXIQESLeague,EventWebsiteVEXIQESLeague,NumberofteamsVEXIQMSLeague,EventDatesVEXIQMSLeague,EventWebsiteVEXIQMSLeague,NumberofteamsVEXIQESMSLeague,Event DatesVEXIQESMSLeague,EventWebsiteVEXIQESMSLeague,NumberofteamsVEXIQESTournament,EventDatesVEXIQESTournament,EventWebsiteVEXIQESTournament,NumberofteamsVEXIQMSTournament,EventDatesVEXIQMSTournament,EventWebsiteVEXIQESTournament,NumberofteamsVEXIQESMSTournament,EventDatesVEXIQESMSTournament,EventWebsiteVEXIQESMSTournament,workshopDates
-118.2854840101,33.826558768,Middle,"14140B, 14140A",,Stephen M. White Middle School,South,Yes,yes,Yes,yes,,,,,,,,,,,,,,,,,,,,
-118.2730849858,34.0486905197,Elementary,"14952B, 14952A",,10th Street Elementary School,Central,Yes,,Yes,,,,,,,,,,,,,,,,,,,,,
-118.288213662,33.9859858392,High,,,Augustus F. Hawkins High School,West,Yes,,,,,,,,,,,,,,,,,,,,,,,
-118.421014916936,34.2884994923748,High,,,Cesar E Chavez Learning Academies (CCLA),Northeast,Yes,,,,,,,,,,,,,,,,,,,,,,,
-118.2734113099,33.9907690477,Elementary,"19810C, 19810B, 19810A",,Estrella Elementary School,Central,Yes,,Yes,,,,,,,,,,,,,,,,,,,,,
-118.1831605167,33.9875499531,span,"10946F, 10946E, 10946D, 10946C, 10946B, 10946A",,Maywood Center for Enriched Studies,East ,Yes,,Yes,,,,,,,,,,,,,,,,,,,,,
-118.209656137028,34.0376081859591,High,,,Boyle Heights STEM Magnet HS,East,Yes,,,,,,,,,,,,,,,,,,,,,,,
-118.4773571306,34.2521567354,Elementary,"91343D, 91343C, 91343B, 91343A",,Vintage Math/Science/Technology Magnet School,Northwest,Yes,,Yes,,,,,,,,,,,,,,,,,,,,,
-118.5054285927,34.1937722735,Middle,"11108A, 11108B,11108C,11108D","11108E, 11108F,11108G",William Mulholland Middle School,Northwest,Yes,,Yes,,,36,"10/13/2022, 11/3/2022, 12/1/2022, 1/20/2023",,,,,,,,,,,36,2/4/2023,,,,,
-118.5864111385,34.2536220979,High,,,Chatsworth High School,Northwest,Yes,,,,,,,,,,,,,,,,,,,,,,,
-118.4348564525,34.0301697734,Middle,94389A,,Daniel Webster Middle School ,West,Yes,,Yes,,,,,,,,,,,,,,,,,,,,,
-118.1832146645,34.1194612551,Middle,39340A,,Luther Burbank Middle School,Central,Yes,,Yes,,,,,,,,,,,,,,,,,,,,,
-118.4458399206,34.0013819178,Middle,"66521B, 66521A, 12566A",,Mark Twain Middle School,West,,,Yes,,,,,,,,,,,,,,,,,,,,,
-118.2722532668,33.9401936789,Elementary,,,107th Street Elementary School,South,,Yes,Yes,,,,,,,,,,,,,,,,,,,,,
-118.2618237175,33.9373690235,Elementary,97979A,,109th Street Elementary School,South,,,Yes,,,,,,,,,,,,,,,,,,,,,
-118.2526273253,33.9339187877,Elementary,26007Z,,112th Street Elementary School,South,,,Yes,,,,,,,,,,,,,,,,,,,,,
-118.2612227223,33.9289950236,Elementary,5863T,,116th Street Elementary School,South,,,Yes,,,,,,,,,,,,,,,,,,,,,
-118.2719534405,33.9266056399,Elementary,,,118th Street Elementary School,South,,,,,,,,,,,,,,,,,,,,,,,,
-118.2673813673,33.9217548118,Elementary,"122B, 122A",,122nd Street Elementary School,South,,,Yes,,,,,,,,,,,,,,,,,,,,,
-118.2896858252,33.9096856731,Elementary,,,135th Street Elementary School,South,,,,,,,,,,,,,,,,,,,,,,,,
-118.3059009815,33.8937096999,Elementary,,,153rd Street Elementary School,South,,,,,,,,,,,,,,,,,,,,,,,,
-118.3168623338,33.8892829976,Elementary,,,156th Street Elementary School,South,,,,,,,,,,,,,,,,,,,,,,,,
-118.2873405384,33.7302018005,Elementary,,,15th Street Elementary School,South,,,,,,,,,,,,,,,,,,,,,,,,
-118.3061118677,33.8625091967,Elementary,"18601B, 18601A",,186th Street Elementary School,South,,,Yes,,,,,,,,,,,,,,,,,,,,,
-118.2044090101,34.0411939761,Elementary,"38361B, 38361A",,1st Street Elementary School,East ,,,Yes,,,,,,,,,,,,,,,,,,,,,
-118.2493595826,34.0226382148,Elementary,,,20th Street Elementary School,Central,,,,,,,,,,,,,,,,,,,,,,,,
-118.2816515456,33.8143877961,Elementary,,,232nd Place Elementary School,South,,,,,,,,,,,,,,,,,,,,,,,,
-118.3106830088,34.0351983705,Elementary,,,24th Street Elementary School,Central,,,,,,,,,,,,,,,,,,,,,,,,
-118.2609607795,34.0188709916,Elementary,,,28th Street Elementary School,Central,,,,,,,,,,,,,,,,,,,,,,,,
-118.2165974897,34.045140197,Elementary,,,2nd Street Elementary School,East,,,,,,,,,,,,,,,,,,,,,,,,
-118.2826279034,34.0248913108,Elementary,,,32nd USC Performing Arts,Central,,,,,,,,,,,,,,,,,,,,,,,,
-118.3349443589,34.0705982378,Elementary,7110A,,3rd Street Elementary School,West,,,Yes,,,,,,,,,,,,,,,,,,,,,
-118.3216744357,34.0065227385,Elementary,88015A,,42nd Street Elementary School,West,,,Yes,,,,,,,,,,,,,,,,,,,,,
-118.2616882054,33.9987833232,Elementary,49491A,,49th Street Elementary School,Central,,,Yes,,,,,,,,,,,,,,,,,,,,,
-118.1534473804,34.0288383011,Elementary,,,4th Street Elementary School,East,,,,,,,,,,,,,,,,,,,,,,,,
-118.2879976081,33.9965120407,Elementary,34459G,,52nd Street Elementary School,West,,,Yes,,,,,,,,,,,,,,,,,,,,,
-118.3432294326,33.9921831098,Elementary,,,54th Street Elementary School,West,,,,,,,,,,,,,,,,,,,,,,,,
-118.3200337095,33.9865410894,Elementary,,,59th Street Elementary School,West,,,,,,,,,,,,,,,,,,,,,,,,
-118.2823330519,33.9845980604,Elementary,"61326B, 61326A",,61st Street Elementary School,West,,,Yes,,,,,,,,,,,,,,,,,,,,,
-118.268117241,33.9797042793,Elementary,,,66th Street Elementary School,South,,,,,,,,,,,,,,,,,,,,,,,,
-118.2844395539,33.9775102788,Elementary,,,68th Street Elementary School,South,,,,,,,,,,,,,,,,,,,,,,,,
-118.3239107746,34.0267722254,Elementary,,,6th Avenue Elementary School,West,,,,,,,,,,,,,,,,,,,,,,,,
-118.3162304503,33.9727506766,Elementary,,,74th Street Elementary School,West,,,,,,,,,,,,,,,,,,,,,,,,
-118.2749771512,33.9718930892,Elementary,,,75th Street Elementary School,South,,,,,,,,,,,,,,,,,,,,,,,,
-118.311238455,33.7383375677,Elementary,,,7th Street Elementary School,South,,,,,,,,,,,,,,,,,,,,,,,,
-118.2367262392,33.9530334514,Elementary,64652A,,92nd Street Elementary School,South,,,Yes,,,,,,,,,,,,,,,,,,,,,
-118.268223453,33.9512917558,Elementary,2327A,,93rd Street Elementary School,South,,,Yes,,,,,,,,,,,,,,,,,,,,,
-118.2945702399,33.9492016611,Elementary,"90044C, 90044B",,95th Street Elementary School,West,,,Yes,,,,,,,,,,,,,,,,,,,,,
-118.2478925241,33.9501097581,Elementary,70364A,,96th Street Elementary School,South,,,Yes,,,,,,,,,,,,,,,,,,,,,
-118.2584957721,33.9465333709,Elementary,,,99th Street Elementary School,South,,,,,,,,,,,,,,,,,,,,,,,,
-118.2483871171,34.0389826682,Elementary,,,9th Street Elementary School,Central,,,,,,,,,,,,,,,,,,,,,,,,
-118.2036297494,34.0749575902,High,,,Abraham Lincoln High School,East,,,,,,,,,,,,,,,,,,,,,,,,
-118.181511651,34.0852794598,span,,,Academia Semillas del Pueblo,East,,,,,,,,,,,,,,,,,,,,,,,,
-118.2683231627,33.9356276983,High,,,Alain Leroy Locke College Preparatory Academy,South,,,,,,,,,,,,,,,,,,,,,,,,
-118.2204989819,34.069283984,Elementary,2146A,,Albion Street Elementary School,East ,,,Yes,,,,,,,,,,,,,,,,,,,,,
-118.2064195888,34.1106305497,Elementary,,,Aldama Elementary School,Central,,,,,,,,,,,,,,,,,,,,,,,,
-118.3122784513,33.793204185,Middle,,,Alexander Fleming Middle School,South,,,,,,,,,,,,,,,,,,,,,,,,
-118.3916149955,34.034321673,High,,,Alexander Hamilton High School,West,,,,,,,,,,,,,,,,,,,,,,,,
-118.2995690248,34.078058704,Elementary,"37296C, 37296B, 37296A",,Alexandria Avenue Elementary School,Central,,,Yes,,,,,,,,,,,,,,,,,,,,,
-118.5519466069,34.2518749378,Middle,,,Alfred Bernhard Nobel Charter Middle School,Northwest,,,,,,,,,,,,,,,,,,,,,,,,
-118.251892553,34.102127108,Elementary,,,Allesandro Elementary School,Central,,,,,,,,,,,,,,,,,,,,,,,,
-118.4568051781,34.232169525,Elementary,,,Alta California Elementary School,Northwest,,,,,,,,,,,,,,,,,,,,,,,,
-118.338764621,34.043196003,Elementary,,,Alta Loma Elementary School,West,,,,,,,,,,,,,,,,,,,,,,,,
-118.1860873904,34.0246392839,Elementary,,,Amanecer Primary Center,East ,,,,,,,,,,,,,,,,,,,,,,,,
-118.2707412077,33.8784646517,Elementary,,,Ambler Avenue Elementary School,South,,,,,,,,,,,,,,,,,,,,,,,,
-118.2933956652,33.8957559107,Elementary,,,Amestoy Elementary School,South,,,,,,,,,,,,,,,,,,,,,,,,
-118.5145747374,34.2042070046,Elementary,"91343D, 7364A",,Anatola Avenue Elementary School,Northwest,,,Yes,,,,,,,,,,,,,,,,,,,,,
-118.5145841797,34.2549101532,Elementary,"54758A, 37350B",,Andasol Avenue Elementary School,Northwest,,,Yes,,,,,,,,,,,,,,,,,,,,,
-118.4420386554,34.1964854586,Elementary,,,Andres & Maria Cardenas Elementary School,Northeast,,,,,,,,,,,,,,,,,,,,,,,,
-118.2590054781,33.8294477219,Middle,,,Andrew Carnegie Middle School,South,,,,,,,,,,,,,,,,,,,,,,,,
-118.3219679368,33.9957879378,Elementary,72667A,,Angeles Mesa Elementary School,West,,,Yes,,,,,,,,,,,,,,,,,,,,,
-118.2301704399,34.0645835073,Elementary,,,Ann Street Elementary School,East,,,,,,,,,,,,,,,,,,,,,,,,
-118.2518405363,33.854421427,Elementary,"19410X, 19410A",,Annalee Avenue Elementary School,South,,,Yes,,,,,,,,,,,,,,,,,,,,,
-118.1866141282,34.1286586613,Elementary,,,Annandale Elementary School,Central,,,,,,,,,,,,,,,,,,,,,,,,
-118.1813026054,34.0467412926,Elementary,,,"Anton, William R. Elementary School",East,,,,,,,,,,,,,,,,,,,,,,,,
-118.3073841792,34.2559700862,Elementary,,,Apperson Street Elementary School,Northeast,,,,,,,,,,,,,,,,,,,,,,,,
-118.225438436,34.0950257682,Elementary,,,Aragon Avenue Elementary School,Central,,,,,,,,,,,,,,,,,,,,,,,,
-118.441900439,34.2504301703,High,,,Arleta High School,Northeast,,,,,,,,,,,,,,,,,,,,,,,,
-118.3252965918,34.0413338982,Elementary,,,Arlington Heights Elementary School,West,,,,,,,,,,,,,,,,,,,,,,,,
-118.3825356197,34.2150579939,Elementary,,,Arminta Street Elementary School,Northeast,,,,,,,,,,,,,,,,,,,,,,,,
-118.2043395645,34.1019208797,Elementary,"31807A, 21903A",,Arroyo Seco Museum Science Magnet,Central,,,Yes,,,,,,,,,,,,,,,,,,,,,
-118.2483494203,34.0037346934,Elementary,"2219D, 2219C, 2219B, 2219A",,Ascot Avenue Elementary School,Central,,,Yes,,,,,,,,,,,,,,,,,,,,,
-118.1971228289,33.9843078895,Elementary,,,Aspire Antonio Maria Lugo Academy,East,,,,,,,,,,,,,,,,,,,,,,,,
-118.1891328569,33.9519453474,Elementary,,,Aspire Firestone Academy,East,,,,,,,,,,,,,,,,,,,,,,,,
-118.1892272936,33.9519361518,Elementary,,,Aspire Gateway Academy,East,,,,,,,,,,,,,,,,,,,,,,,,
-118.2747700421,33.9873923785,Elementary,,,Aspire Inskeep Academy,South,,,,,,,,,,,,,,,,,,,,,,,,
-118.234166771,33.9780878549,Elementary,,,Aspire Junior Collegiate Academy,East,,,,,,,,,,,,,,,,,,,,,,,,
-118.2339414883,33.977260399,Elementary,,,Aspire Public Schools,East,,,,,,,,,,,,,,,,,,,,,,,,
-118.2746842087,33.9874813366,Elementary,,,Aspire Slauson Acadeny,South,,,,,,,,,,,,,,,,,,,,,,,,
-118.2748617201,33.9874190728,Elementary,,,"Aspire Tate, Juanita Academy",South,,,,,,,,,,,,,,,,,,,,,,,,
-118.2337420867,33.9784445175,Elementary,,,Aspire Titan Academy,East,,,,,,,,,,,,,,,,,,,,,,,,
-118.253780337401,34.1153195152465,Elementary,2233A,,Atwater Avenue Elementary School,Central,,,Yes,,,,,,,,,,,,,,,,,,,,,
-118.3281857501,34.0087328034,Middle,,,Audubon Middle School,West,,,,,,,,,,,,,,,,,,,,,,,,
-118.2571725934,33.9951547158,Elementary,,,Aurora Elementary School,Central,,,,,,,,,,,,,,,,,,,,,,,,
-118.2693400099,33.9051637805,Elementary,,,Avalon Gardens Elementary School,South,,,,,,,,,,,,,,,,,,,,,,,,
-118.502785969,34.2491544314,Elementary,,,Balboa Gifted/High Ability Magnet Elementary School,Northwest,,,,,,,,,,,,,,,,,,,,,,,,
-118.3653163521,34.0227371603,Elementary,"5421B, 5421A",,Baldwin Hills Elementary School,West,,,Yes,,,,,,,,,,,,,,,,,,,,,
-118.2997678931,33.746519624,Elementary,,,Bandini Street Elementary School,South,,,,,,,,,,,,,,,,,,,,,,,,
-118.2683285696,33.9039770984,span,,,Banneker Special Education Center ,South,,,,,,,,,,,,,,,,,,,,,,,,
-118.2886851788,33.7468844081,Elementary,,,Barton Hill Elementary School,South,,,,,,,,,,,,,,,,,,,,,,,,
-118.4768413686,34.1957873345,Elementary,"91343D, 38A",,Bassett Street Elementary School,Northwest,,,Yes,,,,,,,,,,,,,,,,,,,,,
-118.438095934,34.2479055115,Elementary,"23975B, 23975A",,Beachy Avenue Elementary School,Northeast,,,Yes,,,,,,,,,,,,,,,,,,,,,
-118.5489658908,34.2672678232,Elementary,,,Beckford Charter for Enriched Studies,Northwest,,,,,,,,,,,,,,,,,,,,,,,,
-118.4433341352,34.002419227,Elementary,2342A,,Beethoven Street Elementary School,West,,,Yes,,,,,,,,,,,,,,,,,,,,,
-118.1899402645,33.97464178,High,,,Bell High School ,East,,,,,,,,,,,,,,,,,,,,,,,,
-118.2805290952,34.0795790242,Elementary,,,Bellevue Primary Center,Central,,,,,,,,,,,,,,,,,,,,,,,,
-118.3986141906,34.1931766368,Elementary,,,Bellingham Elementary School,Northeast,,,,,,,,,,,,,,,,,,,,,,,,
-118.2629553516,34.0617061305,High,,,Belmont High School ,Central,,,,,,,,,,,,,,,,,,,,,,,,
-118.1863632072,34.0360649048,Elementary,21700A,,Belvedere Elementary School,East ,,,Yes,,,,,,,,,,,,,,,,,,,,,
-118.1820839979,34.0398513717,Middle,"76464B, 76464A",,Belvedere Middle School,East ,,,Yes,,,,,,,,,,,,,,,,,,,,,
-118.198802423,34.1156569892,High,,,Benjamin Franklin High School,Central,,,,,,,,,,,,,,,,,,,,,,,,
-118.2942837785,34.0495257756,Middle,,,Berendo Middle School,Central,,,,,,,,,,,,,,,,,,,,,,,,
-118.5252155773,34.1986831216,Elementary,5958A,,Bertrand Avenue Elementary School,Northwest,,,Yes,,,,,,,,,,,,,,,,,,,,,
-118.2552545355,34.0663241008,Elementary,,,Betty Plasencia Elementary School,Central,,,,,,,,,,,,,,,,,,,,,,,,
-118.3109986345,34.0233659643,Elementary,,,Birdielee V. Bright Elementary School,West,,,,,,,,,,,,,,,,,,,,,,,,
-118.5045446506,34.1889999805,High,,,Birmingham High School,Northwest,,,,,,,,,,,,,,,,,,,,,,,,
-118.5417756685,34.2147010483,Elementary,,,Blythe Street Elementary School,Northwest,,,,,,,,,,,,,,,,,,,,,,,,
-118.2594862331,33.8286355093,Elementary,"21929B, 21929A",,Bonita Street Elementary School,South,,,Yes,,,,,,,,,,,,,,,,,,,,,
-118.2115186525,34.0787806347,span,"94119B, 94119A",,Boys Academic Leadership Academy,West,,,Yes,,,,,,,,,,,,,,,,,,,,,
-118.4152325079,33.9929061452,Elementary,,,Braddock Drive Elementary School,West,,,,,,,,,,,,,,,,,,,,,,,,
-118.3646933476,34.2773085617,Elementary,"36699D, 36699C, 36699B",,Brainard Elementary School,Northeast,,,Yes,,,,,,,,,,,,,,,,,,,,,
-118.2133492349,34.0423265378,Elementary,,,Breed Street Elementary School ,East ,,,,,,,,,,,,,,,,,,,,,,,,
-118.4739868521,34.0502908852,Elementary,,,Brentwood Elementary Science Magnet,West,,,,,,,,,,,,,,,,,,,,,,,,
-118.2168769088,34.0527973318,Elementary,60533A,,Bridge Street Elementary School,East,,,Yes,,,,,,,,,,,,,,,,,,,,,
-118.2627612659,33.8017103295,Elementary,"93467B, 93467A, 61682B, 61682A",,Broad Avenue Elementary School,South,,,Yes,,,,,,,,,,,,,,,,,,,,,
-118.2397065242,33.8543960783,Elementary,"14283B, 14283A",,Broadacres Avenue Elementary School,South,,,Yes,,,,,,,,,,,,,,,,,,,,,
-118.4615988819,33.9981301481,Elementary,,,Broadway Elementary School,West,,,,,,,,,,,,,,,,,,,,,,,,
-118.462908741,34.0440942023,Elementary,90025A,,Brockton Avenue Elementary School,West,,,Yes,,,,,,,,,,,,,,,,,,,,,
-118.1668179979,34.0404823704,Elementary,"2562B, 2562A",,Brooklyn Avenue Elementary School,East ,,,Yes,,,,,,,,,,,,,,,,,,,,,
-118.1926224921,33.94505517,Elementary,"30146B, 30146A",,Bryson Avenue Elementary School,East ,,,Yes,,,,,,,,,,,,,,,,,,,,,
-118.2063876232,34.1194790962,Elementary,,,Buchanan Street Elementary School,Central,,,,,,,,,,,,,,,,,,,,,,,,
-118.2954893099,33.987000358,Elementary,89915A,,Budlong Avenue Elementary School,West,,,Yes,,,,,,,,,,,,,,,,,,,,,
-118.3990860913,34.1708319845,Elementary,,,Burbank Boulevard Elementary School,Northeast,,,,,,,,,,,,,,,,,,,,,,,,
-118.441771899,34.220017952,Elementary,,,Burton Street Elementary School,Northeast,,,,,,,,,,,,,,,,,,,,,,,,
-118.1889948792,34.1025962735,Elementary,,,Bushnell Way Elementary School,Central,,,,,,,,,,,,,,,,,,,,,,,,
-118.2933769283,33.7373809497,Elementary,,,Cabrillo Avenue Elementary School,South,,,,,,,,,,,,,,,,,,,,,,,,
-118.3053851714,34.0708257941,Elementary,,,Cahuenga Elementary School,Central,,,,,,,,,,,,,,,,,,,,,,,,
-118.629803708,34.1587934134,Elementary,2704A,,Calabash Charter Academy,Northwest,,,Yes,,,,,,,,,,,,,,,,,,,,,
-118.5421484489,34.2382265488,Elementary,,,Calahan Community Charter School,Northwest,,,,,,,,,,,,,,,,,,,,,,,,
-118.5651888638,34.1821231535,Elementary,,,Calvert Charter for Enriched Studies,Northwest,,,,,,,,,,,,,,,,,,,,,,,,
-118.3818410209,34.206099458,Elementary,,,Camellia Avenue Elementary School,Northeast,,,,,,,,,,,,,,,,,,,,,,,,
-118.3903146521,34.0507747839,Elementary,,,Canfield Avenue Elementary School,West,,,,,,,,,,,,,,,,,,,,,,,,
-118.6051452079,34.2057765864,Elementary,,,Canoga Park Elementary School,Northwest,,,,,,,,,,,,,,,,,,,,,,,,
-118.6054953093,34.1950829695,High,,,Canoga Park High School ,Northwest,,,,,,,,,,,,,,,,,,,,,,,,
-118.5252252654,34.2186586246,Elementary,"91343D, 21390A",,Cantara Street Elementary School,Northwest,,,Yes,,,,,,,,,,,,,,,,,,,,,
-118.4298477961,34.2341129219,Elementary,22112A,,Canterbury Avenue Elementary School,Northeast,,,Yes,,,,,,,,,,,,,,,,,,,,,
-118.5122086821,34.031883879,Elementary,,,Canyon Charter Elementary School,West,,,,,,,,,,,,,,,,,,,,,,,,
-118.6168842631,34.2174175464,Elementary,,,Capistrano Avenue Elementary School,Northwest,,,,,,,,,,,,,,,,,,,,,,,,
-118.2828571553,33.8225334197,Elementary,,,Caroldade Learning Community School,South,,,,,,,,,,,,,,,,,,,,,,,,
-118.3921510068,34.1412436556,Elementary,"86273E, 86273D, 86273C, 86273B, 86273A",,Carpenter Community Charter School,Northeast,,,Yes,,,,,,,,,,,,,,,,,,,,,
-118.2755807181,33.8238636688,High,,,Carson High School ,South,,,,,Yes,,,,,,,,,,,,,,,,,,,
-118.2751348933,33.8327521143,Elementary,"18000B, 18000A",,Carson Street Elementary School,South,,,Yes,,,,,,,,,,,,,,,,,,,,,
-118.3195364809,34.0392921992,Elementary,,,Carson-Gore Academy of Environmental Studies,West,,,,,,,,,,,,,,,,,,,,,,,,
-118.369197471,34.0597525194,Elementary,,,Carthay Center Elementary School,West,,,,,,,,,,,,,,,,,,,,,,,,
-118.2396557093,34.0644700303,Elementary,"70178B, 70178A",,Castelar Street Elementary School,Central,,,Yes,,,,,,,,,,,,,,,,,,,,,
-118.3982731828,34.0385069925,Elementary,,,Castle Heights Elementary School,West,,,,,,,,,,,,,,,,,,,,,,,,
-118.5474374173,34.2940374736,Elementary,"19010X, 19010V, 19010M, 19010G, 19010B, 19010A",,Castlebay Lane Elementary School,Northwest,,,Yes,,,,,,,,,,,,,,,,,,,,,
-118.2706749981,33.8116324345,Elementary,,,Catskill Avenue Elementary School,South,,,,,,,,,,,,,,,,,,,,,,,,
-118.2901945079,34.0642183415,Middle,,,Central Los Angeles Area New Middle School 3,Central,,,,,,,,,,,,,,,,,,,,,,,,
-118.319212553,33.9372273881,Elementary,,,Century Park Elementary School,West,,,,,,,,,,,,,,,,,,,,,,,,
-118.1675590572,34.0935802505,Elementary,"74277B, 74277A",,Cesar Chavez Elementary School,East ,,,Yes,,,,,,,,,,,,,,,,,,,,,
-118.4394675493,34.1665142962,Elementary,,,Chandler Learning Academy,Northeast,,,,,,,,,,,,,,,,,,,,,,,,
-118.3130406084,33.8957151882,Elementary,,,Chapman Elementary School,South,,,,,,,,,,,,,,,,,,,,,,,,
-118.3081375204,34.0704598164,Elementary,,,Charles H. Kim Elementary School,Central,,,,,,,,,,,,,,,,,,,,,,,,
-118.4068230298,34.271925911,Middle,,,Charles Maclay Middle School,Northeast,,,,,,,,,,,,,,,,,,,,,,,,
-118.2480943943,33.960984828,Middle,,,Charles R. Drew Middle School,South,,,,,,,,,,,,,,,,,,,,,,,,
-118.2816898535,33.9477851636,Elementary,"36550B, 36550A",,Charles W. Barrett Elementary School,South,,,Yes,,,,,,,,,,,,,,,,,,,,,
-118.2797292659,34.0605882799,Elementary,,,Charles White Elementary School,Central,,,,,,,,,,,,,,,,,,,,,,,,
-118.4196991537,34.0175181248,Elementary,26165R,,Charnock Road Elementary School,West,,,Yes,,,,,,,,,,,,,,,,,,,,,
-118.4395454523,34.2267399321,Elementary,,,Chase Street Elementary School,Northwest,,,,,,,,,,,,,,,,,,,,,,,,
-118.6070201263,34.2580228482,Elementary,,,Chatsworth Park Elementary School,Northwest,,,,,,,,,,,,,,,,,,,,,,,,
-118.3206440108,34.1060062994,Elementary,86891A,,Cheremoya Avenue Elementary School,West,,,Yes,,,,,,,,,,,,,,,,,,,,,
-118.1980551938,33.9862054854,Middle,,,Chester W. Nimitz Middle School,East ,,,,,,,,,,,,,,,,,,,,,,,,
-118.5630154521,34.1657685699,Elementary,,,Chime Institute Schwarzenegger Community School,Northwest,,,,,,,,,,,,,,,,,,,,,,,,
-118.6119932215,34.2121656495,Middle,25207Z,,Christopher Columbus Middle School,Northwest,,,Yes,,,,,,,,,,,,,,,,,,,,,
-118.2113956697,34.0223080558,Elementary,76184A,,Christopher Dena Elementary School,East ,,,Yes,,,,,,,,,,,,,,,,,,,,,
-118.3536377224,34.0321357854,Elementary,,,Cienega Elementary School,West,,,,,,,,,,,,,,,,,,,,,,,,
-118.3153471333,33.9288609447,Elementary,"26371B, 26371A",,Cimarron Avenue Elementary School,West,,,Yes,,,,,,,,,,,,,,,,,,,,,
-118.1713173785,34.057150754,Elementary,,,City Terrace Elementary School,East,,,,,,,,,,,,,,,,,,,,,,,,
-118.2581662209,34.0896290305,Elementary,2150C,,Clifford Street Math & Technology Magnet,Central,,,Yes,,,,,,,,,,,,,,,,,,,,,
-118.4251064503,34.0273313629,Elementary,,,Clover Avenue Elementary School,West,,,,,,,,,,,,,,,,,,,,,,,,
-118.4533413527,33.9894545005,Elementary,,,Coeur d'Alene Avenue Elementary School,West,,,,,,,,,,,,,,,,,,,,,,,,
-118.4779588078,34.2077367812,Elementary,,,Cohasset Street Elementary School,Northwest,,,,,,,,,,,,,,,,,,,,,,,,
-118.4134823814,34.1954945405,Elementary,,,Coldwater Canyon Elementary School,Northeast,,,,,,,,,,,,,,,,,,,,,,,,
-118.3889356209,34.1608341612,Elementary,,,Colfax Charter Elementary School,Northeast,,,,,,,,,,,,,,,,,,,,,,,,
-118.3435685945,34.0183099792,Elementary,,,Coliseum Street Elementary School,West,,,,,,,,,,,,,,,,,,,,,,,,
-118.4636231381,34.1932418184,Elementary,,,Columbus Avenue Elementary School,Northwest,,,,,,,,,,,,,,,,,,,,,,,,
-118.2858384379,34.0707617188,Elementary,,,Commonwealth Avenue Elementary School,Central,,,,,,,,,,,,,,,,,,,,,,,,
-118.4625285368,34.0825442105,Elementary,,,Community Magnet Charter School,West,,,,,,,,,,,,,,,,,,,,,,,,
-118.2470565058,33.9428035822,Elementary,3205C,,Compton Avenue Elementary School,South,,,Yes,,,,,,,,,,,,,,,,,,,,,
-118.1975227933,33.9759041002,Elementary,"68538C, 68538B, 68538A",,Corona Avenue Elementary School,East ,,,Yes,,,,,,,,,,,,,,,,,,,,,
-118.4054073361,33.9729033902,Elementary,"64191A, 13721A ",,Cowan Avenue Elementary School,West,,,Yes,,,,,,,,,,,,,,,,,,,,,
-118.3290888948,33.9971750396,High,,,Crenshaw High School ,West,,,,,,,,,,,,,,,,,,,,,,,,
-118.3738862802,34.0471649543,Elementary,"49639B, 49639A",,Crescent Heights Boulevard Elementary Language Arts and Social Justice Magnet,West,,,Yes,,,,,,,,,,,,,,,,,,,,,
-118.312725609,33.7497623756,Elementary,"3302B, 3302A",,Crestwood Street Elementary School,South,,,Yes,,,,,,,,,,,,,,,,,,,,,
-118.1990619099,34.1391201431,Elementary,,,Dahila Heights Elementary School,Central,,,,,,,,,,,,,,,,,,,,,,,,
-118.2895145922,33.9596224229,Elementary,,,Danny J. Bakewell Sr. Primary Center,South,,,,,,,,,,,,,,,,,,,,,,,,
-118.4744388067,34.2744241347,Elementary,,,Danube Avenue Elementary School,Northwest,,,,,,,,,,,,,,,,,,,,,,,,
-118.5333608567,34.2667197293,Elementary,,,Darby Avenue Charter School,Northwest,,,,,,,,,,,,,,,,,,,,,,,,
-118.1622021914,34.0314795089,Middle,,,David Wark Griffith Middle School,East,,,,,,,,,,,,,,,,,,,,,,,,
-118.2882868248,34.0822948955,Elementary,,,Dayton Heights Elementary School,Central,,,,,,,,,,,,,,,,,,,,,,,,
-118.5079982709,34.2390127236,Elementary,"71659D, 49773A",,Dearborn Elementary Charter School,Northwest,,,Yes,,,,,,,,,,,,,,,,,,,,,
-118.2400389074,33.8360910785,Elementary,"21228B, 21228A",,Del Amo Elementary School,South,,,Yes,,,,,,,,,,,,,,,,,,,,,
-118.2273223878,34.1275907692,Elementary,63158A,,Delevan Drive Elementary School,Central,,,Yes,,,,,,,,,,,,,,,,,,,,,
-118.3046445795,33.8832385179,Elementary,,,Denker Avenue Elementary School,South,,,,,,,,,,,,,,,,,,,,,,,,
-118.2562444519,33.9842628614,High,,,Diego Rivera Learning Complex ,South,,,,,,,,,,,,,,,,,,,,,,,,
-118.4246388552,34.1478829962,Elementary,,,Dixie Canyon Community Charter School,Northeast,,,,,,,,,,,,,,,,,,,,,,,,
-118.2680841765,34.0225327665,Elementary,,,Dolores Huerta Elementary School,Central,,,,,,,,,,,,,,,,,,,,,,,,
-118.2719230963,33.8218896203,Elementary,"73681B, 73681A",,Dolores Street Elementary School,South,,,Yes,,,,,,,,,,,,,,,,,,,,,
-118.2150759136,33.8363861349,Elementary,"28823B, 28823A",,Dominguez Elementary School,South,,,Yes,,,,,,,,,,,,,,,,,,,,,
-118.2378390372,34.0915324167,Elementary,,,Dorris Place Elementary School,Central,,,,,,,,,,,,,,,,,,,,,,,,
-118.2607856589,34.0037155777,Middle,,,Dr. George Washington Carver Middle School,Central,,,,,,,,,,,,,,,,,,,,,,,,
-118.2921773221,34.0014282907,Elementary,,,Dr. James Edward Jones Primary Center,Central,,,,,,,,,,,,,,,,,,,,,,,,
-118.2488755526,34.0159691928,Middle,5173A,,Dr. Julian Nava Learning Academy,Central,,,Yes,,,,,,,,,,,,,,,,,,,,,
-118.2518010849,33.9846793279,Elementary,1321A,,Dr. Lawrence H. Moore Math/Science/Technology Academy,South,,,Yes,,,,,,,,,,,,,,,,,,,,,
-118.2759508523,33.9779124854,Middle,,,Dr. Mary McLeod Bethune Middle School,South,,,,,,,,,,,,,,,,,,,,,,,,
-118.267044139,33.9939911439,High,,,Dr. Maya Angelou Community High School ,Central,,,,,,,,,,,,,,,,,,,,,,,,
-118.2742247235,33.9550284451,Elementary,,,Dr. Owen Lloyd Knox Elementary School,South,,,,,,,,,,,,,,,,,,,,,,,,
-118.2838109086,33.7833939403,High,,,Dr. Richard A. Vladovic Harbor Teacher Preparation Academy,South,,,,,,,,,,,,,,,,,,,,,,,,
-118.2881476051,34.0745778735,Elementary,,,Dr. Sammy Lee Elementary M/HS Magnet,Central,,,,,,,,,,,,,,,,,,,,,,,,
-118.447815364,34.3005221786,Elementary,,,Dyer Street Elementary School,Northeast,,,,,,,,,,,,,,,,,,,,,,,,
-118.2130395821,34.1361302492,Elementary,"2057B, 2057A",,Eagle Rock Elementary School,Central,,,Yes,,,,,,,,,,,,,,,,,,,,,
-118.2066125339,34.1322908494,High,,,Eagle Rock High School,Central,,,,,,,,,,,,,,,,,,,,,,,,
-118.3708226674,34.1712104324,High,,,East Valley High School ,Northeast,,,,,,,,,,,,,,,,,,,,,,,,
-118.1855573365,34.0186613707,Elementary,,,Eastman Avenue Elementary School,East ,,,,,,,,,,,,,,,,,,,,,,,,
-118.2546227925,34.0609583778,High,,,Edward R. Roybal Learning Center,Central,,,,,,,,,,,,,,,,,,,,,,,,
-118.245929167,33.9401231887,Middle,,,Edwin Markham Middle School,South,,,,,,,,,,,,,,,,,,,,,,,,
-118.6430586792,34.1697022043,High,,,El Camino Real Charter High School,Northwest,,,,,,,,,,,,,,,,,,,,,,,,
-118.4657227748,34.3015828999,Elementary,"12749E, 12749B",,El Dorado Avenue Elementary School,Northeast,,,Yes,,,,,,,,,,,,,,,,,,,,,
-118.5051709744,34.2933932609,Elementary,21895A,,El Oro Way Charter for Enriched Studies,Northwest,,,Yes,,,,,,,,,,,,,,,,,,,,,
-118.1773920669,34.0900469787,Elementary,3838R,,El Sereno Elementary School,East ,,,Yes,,,,,,,,,,,,,,,,,,,,,
-118.1785772658,34.0805335933,Middle,84838A,,El Sereno Middle School,East ,,,Yes,,,,,,,,,,,,,,,,,,,,,
-118.1831552834,33.9633646249,span,"12777B, 12777A",,Elizabeth Learning Center ,East ,,,Yes,,,,,,,,,,,,,,,,,,,,,
-118.1767043909,33.9681585972,span,"21124D, 21124C, 21124B, 21124A, ",,Ellen Ochoa Learning Center,East ,,,Yes,,,,,,,,,,,,,,,,,,,,,
-118.2495277811,34.0891559886,Elementary,,,Elysian Heights Arts Magnet,Central,,,,,,,,,,,,,,,,,,,,,,,,
-118.5241709943,34.1771947382,Elementary,88621A,,Emelita Academy Charter School,Northwest,,,Yes,,,,,,,,,,,,,,,,,,,,,
-118.4362310808,34.0541193639,Middle,,,Emerson Community Charter School,West,,,,,,,,,,,,,,,,,,,,,,,,
-118.6275419253,34.1998446113,Elementary,,,Enadia Technology Enriched Charter School,Northwest,,,,,,,,,,,,,,,,,,,,,,,,
-118.5023919226,34.1620662349,Elementary,,,Encino Charter Elementary School,Northwest,,,,,,,,,,,,,,,,,,,,,,,,
-118.592697811,34.2541307885,Middle,91311A,,Ernest Lawrence Middle School,Northwest,,,Yes,,,,,,,,,,,,,,,,,,,,,
-118.4253823967,34.1828682485,Elementary,,,Erwin Elementary School,Northeast,,,,,,,,,,,,,,,,,,,,,,,,
-118.3142632688,33.788319614,Elementary,,,Eshelman Avenue Elementary School,South,,,,,,,,,,,,,,,,,,,,,,,,
-118.2720303842,34.0549651086,Elementary,"2383T, 2383G",,Esperanza Elementary School,Central,,,Yes,,,,,,,,,,,,,,,,,,,,,
-118.1753420809,34.0421409941,High,,,Esteban Torres High School,East,,,,,,,,,,,,,,,,,,,,,,,,
-118.2062115494,34.031456918,Elementary,"45806E, 45806A",,Euclid Avenue Elementary School,East ,,,Yes,,,,,,,,,,,,,,,,,,,,,
-118.1970891473,34.0524826588,Elementary,,,Evergreen Avenue Elementary School,East,,,,,,,,,,,,,,,,,,,,,,,,
-118.37490014,34.1899129823,Elementary,,,Fair Avenue Elementary School,Northeast,,,,,,,,,,,,,,,,,,,,,,,,
-118.4310123297,34.0594742483,Elementary,"90024C,90024A",,Fairburn Avenue Elementary School,West,,,Yes,,,,,,,,,,,,,,,,,,,,,
-118.360252454,34.0820808982,High,,,Fairfax High School ,West,,,,,,,,,,,,,,,,,,,,,,,,
-118.1797450035,34.0774806445,Elementary,"3740C, 3740B, 3740A",,Farmdale Elementary School,East ,,,Yes,,,,,,,,,,,,,,,,,,,,,
-118.2270828319,34.0487099165,High,,,Felicitas and Gonzalo Mendez High School,East,,,,,,,,,,,,,,,,,,,,,,,,
-118.3907265832,34.2805986994,Elementary,,,Fenton Avenue Elementary School,Northeast,,,,,,,,,,,,,,,,,,,,,,,,
-118.4034429959,34.2768239659,Elementary,,,Fenton Avenue Primary Center,Northeast,,,,,,,,,,,,,,,,,,,,,,,,
-118.3951437158,34.231855777,Elementary,,,Fernangeles Elementary School,Northeast,,,,,,,,,,,,,,,,,,,,,,,,
-118.2837818515,33.9346962193,Elementary,,,Figueroa Street Elementary School,South,,,,,,,,,,,,,,,,,,,,,,,,
-118.1903065559,33.9894660807,Elementary,66380F,,Fishburn Avenue Elementary School,East ,,,Yes,,,,,,,,,,,,,,,,,,,,,
-118.2407890361,34.1183862548,Elementary,55177X,,Fletcher Drive Elementary School,Central,,,Yes,,,,,,,,,,,,,,,,,,,,,
-118.2388660891,33.9739659487,Elementary,55621A,,Florence Avenue Elementary School,East ,,,Yes,,,,,,,,,,,,,,,,,,,,,
-118.2374551866,33.9434140347,Elementary,19630A,,Florence Griffith-Joyner Elementary School,South,,,Yes,,,,,,,,,,,,,,,,,,,,,
-118.2191456028,34.0879611627,Middle,49728A,,Florence Nightingale Middle School,East ,,,Yes,,,,,,,,,,,,,,,,,,,,,
-118.1713888129,34.0204738008,Elementary,"51349B, 51349A",,Ford Boulevard Elementary School,East ,,,Yes,,,,,,,,,,,,,,,,,,,,,
-118.3162936182,34.0815741156,Elementary,"11971B, 11971A",,Frances Blend Elementary School,West,,,Yes,,,,,,,,,,,,,,,,,,,,,
-118.2927340741,34.073145623,Elementary,"90004F, 90004D",,Frank Del Olmo Elementary School,Central,,,Yes,,,,,,,,,,,,,,,,,,,,,
-118.2849185901,34.1061187818,Elementary,,,Franklin Avenue Elementary School,Central,,,,,,,,,,,,,,,,,,,,,,,,
-118.2658212193,33.788991345,Elementary,,,Fries Avenue Elementary School,South,,,,,,,,,,,,,,,,,,,,,,,,
-118.5771419641,34.1971242278,Elementary,49762A,,Fullbright Avenue Elementary School,Northwest,,,Yes,,,,,,,,,,,,,,,,,,,,,
-118.530654514,34.2107762054,Elementary,,,Garden Grove Elementary School,Northwest,,,,,,,,,,,,,,,,,,,,,,,,
-118.2867938904,33.8822991598,Elementary,,,Gardena Elementary School,South,,,,,,,,,,,,,,,,,,,,,,,,
-118.2970796053,33.8669817644,High,,,Gardena High School,South,,,,,,,,,,,,,,,,,,,,,,,,
-118.3522150632,34.0995857188,Elementary,,,Gardner Street Elementary School,West,,,,,,,,,,,,,,,,,,,,,,,,
-118.1830537319,34.1172851175,Elementary,29237T,,Garvanza Elementary School,Central,,,Yes,,,,,,,,,,,,,,,,,,,,,
-118.542609481,34.1668169032,Middle,"84633C, 84633B, 84633A",,Gaspar De Portola Middle School,Northwest,,,Yes,,,,,,,,,,,,,,,,,,,,,
-118.2059580783,34.0723973158,Elementary,31149G,,Gates Street Elementary School,East ,,,Yes,,,,,,,,,,,,,,,,,,,,,
-118.5042056217,34.1992560277,Elementary,"91343D, 11225M",,Gault Street Elementary School,Northwest,,,Yes,,,,,,,,,,,,,,,,,,,,,
-118.2658901633,33.776646655,Elementary,,,George De La Torre Elementary School,South,,,,,,,,,,,,,,,,,,,,,,,,
-118.645264957,34.1772720646,Middle,"8169B,8169A ",,George Ellery Hale Middle School,Northwest,,,Yes,,,,,,,,,,,,,,,,,,,,,
-118.4799209276,34.262679136,Middle,"11782B, 11782A",,George K. Porter Middle School,Northwest,,,Yes,,,,,,,,,,,,,,,,,,,,,
-118.2902681802,33.977655545,Elementary,"92930B, 92930A",,Gerald A. Lawson Academy A/M/S Elementary School,West,,,Yes,,,,,,,,,,,,,,,,,,,,,
-118.5850928815,34.2626622598,Elementary,,,Germain Academy for Academic Achievement,Northwest,,,,,,,,,,,,,,,,,,,,,,,,
-118.331254319,34.0555181285,span,,,Girls Academic Leadership Academy,West,,,,,,,,,,,,,,,,,,,,,,,,
-118.2363077888,34.1048949673,Elementary,,,Glassell Park Elementary School,Central,,,,,,,,,,,,,,,,,,,,,,,,
-118.4815962297,34.24136549,Elementary,,,Gledhill Street Elementary School,Northwest,,,,,,,,,,,,,,,,,,,,,,,,
-118.1998468505,34.0848990397,Elementary,1328B,,Glen Alta Elementary School,East ,,,Yes,,,,,,,,,,,,,,,,,,,,,
-118.19977958,34.0849725106,Middle,1328A,,Glen Alta Middle School,East ,,,Yes,,,,,,,,,,,,,,,,,,,,,
-118.2677465858,34.1226949344,Elementary,,,Glenfeliz Boulevard Elementary School,Central,,,,,,,,,,,,,,,,,,,,,,,,
-118.2507236671,33.851428619,Middle,"45846B, 45846A",,Glenn Hammond Curtiss Middle School,South,,,Yes,,,,,,,,,,,,,,,,,,,,,
-118.3585974599,34.2262888767,Elementary,"9078D, 9078C, 9078B, 9078A",,Glenwood Elementary School,Northeast,,,Yes,,,,,,,,,,,,,,,,,,,,,
-118.2376559911,33.9617278836,Elementary,"4219A, 27000B",,Graham Elementary School,South,,,Yes,,,,,,,,,,,,,,,,,,,,,
-118.5078414617,34.2671480245,Elementary,4233A,,Granada Community Charter School,Northwest,,,Yes,,,,,,,,,,,,,,,,,,,,,
-118.5249565423,34.2623376316,High,,,Granada Hills Charter High School,Northwest,,,,,,,,,,,,,,,,,,,,,,,,
-118.4296287169,34.0025719636,Elementary,16564A,,Grand View Boulevard Elementary School,West,,,Yes,,,,,,,,,,,,,,,,,,,,,
-118.3130833306,34.1056643034,Elementary,,,Grant Elementary School,West,,,,,,,,,,,,,,,,,,,,,,,,
-118.2375181997,33.9344531461,Elementary,90059K,,Grape Street Elementary School,South,,,Yes,,,,,,,,,,,,,,,,,,,,,
-118.2628139172,34.0584889126,Elementary,"2385G, 2385E",,Gratts Learning Academy for Young Scholars,Central,,,Yes,,,,,,,,,,,,,,,,,,,,,
-118.429954636,34.3024582635,Elementary,,,Gridley Street Elementary School,Northeast,,,,,,,,,,,,,,,,,,,,,,,,
-118.2119365468,34.068681284,Elementary,,,Griffin Avenue Elementary School,East,,,,,,,,,,,,,,,,,,,,,,,,
-118.5486974964,34.2191912458,High,,,Grover Cleveland High School,Northwest,,,,,,,,,,,,,,,,,,,,,,,,
-118.2727999205,33.7856312384,Elementary,,,Gulf Avenue Elementary School,South,,,,,,,,,,,,,,,,,,,,,,,,
-118.4217564081,34.2542519186,Elementary,"61986B, 61986A",,Haddon Avenue Elementary School,Northeast,,,Yes,,,,,,,,,,,,,,,,,,,,,
-118.64530805,34.1771472971,Middle,,,Hale Charter Academy,Northwest,,,,,,,,,,,,,,,,,,,,,,,,
-118.3013696293,33.8331025676,Elementary,"90050B, 90050A",,Halldale Elementary School,South,,,Yes,,,,,,,,,,,,,,,,,,,,,
-118.6203431988,34.1897886518,Elementary,79652A,,Hamlin Charter Academy,Northwest,,,Yes,,,,,,,,,,,,,,,,,,,,,
-118.3609985317,34.0694153331,Elementary,408A,,Hancock Park Elementary School,West,,,Yes,,,,,,,,,,,,,,,,,,,,,
-118.3031563347,33.7938935615,Elementary,,,Harbor City Elementary School,South,,,,,,,,,,,,,,,,,,,,,,,,
-118.416364494,34.3056261756,Elementary,,,Harding Street Elementary School,Northeast,,,,,,,,,,,,,,,,,,,,,,,,
-118.2601181594,34.0071100668,Elementary,,,Harmony Elementary School,Central,,,,,,,,,,,,,,,,,,,,,,,,
-118.188769254,34.0540565136,Elementary,,,Harrison Elementary School,East,,,,,,,,,,,,,,,,,,,,,,,,
-118.5917264819,34.1968960229,Elementary,"81113B, 81113A",,Hart Street Elementary School,Northwest,,,Yes,,,,,,,,,,,,,,,,,,,,,
-118.3043227343,34.0774079371,Elementary,"17556B, 17556A",,Harvard Elementary School,West,,,Yes,,,,,,,,,,,,,,,,,,,,,
-118.4776784282,34.2683119004,Elementary,,,Haskell Elementary STEAM Magnet,Northwest,,,,,,,,,,,,,,,,,,,,,,,,
-118.276268225,33.7757887893,Elementary,,,Hawaiian Avenue Elementary School,South,,,,,,,,,,,,,,,,,,,,,,,,
-118.6479983247,34.1905175274,Elementary,6190T,,Haynes Charter for Enriched Studies,Northwest,,,Yes,,,,,,,,,,,,,,,,,,,,,
-118.4391124197,34.2006200876,Elementary,,,Hazeltine Avenue Elementary School,Northeast,,,,,,,,,,,,,,,,,,,,,,,,
-118.3147406642,34.0964868629,High,,,Helen Bernstein High School ,West,,,,,,,,,,,,,,,,,,,,,,,,
-118.1774560916,33.9859504971,Elementary,4507A,,Heliotrope Avenue Elementary School,East ,,,Yes,,,,,,,,,,,,,,,,,,,,,
-118.2171547802,33.9813463099,Middle,"82850B, 82850A",,Henry T. Gage Middle School,East ,,,Yes,,,,,,,,,,,,,,,,,,,,,
-118.4640136417,34.3153297632,Elementary,,,Herrick Avenue Elementary School,Northeast,,,,,,,,,,,,,,,,,,,,,,,,
-118.4727284955,34.1621997456,span,"91343D, 11009A",,Hesby Oaks School,Northwest,,,Yes,,,,,,,,,,,,,,,,,,,,,
-118.3475797459,34.0135656654,Elementary,39351A,,Hillcrest Drive Elementary School,West,,,Yes,,,,,,,,,,,,,,,,,,,,,
-118.4084198772,34.2832735456,Elementary,"38291B, 38291A",,Hillery T. Broadous Elementary School,Northeast,,,Yes,,,,,,,,,,,,,,,,,,,,,
-118.2124751405,34.0851040482,Elementary,,,Hillside Elementary School,East ,,,,,,,,,,,,,,,,,,,,,,,,
-118.3049558846,34.0537951121,Elementary,,,Hobart Boulevard Elementary School,Central,,,,,,,,,,,,,,,,,,,,,,,,
-118.2128156868,34.0370194698,Middle,"68225C, 68225B, 68225A",,Hollenbeck Middle School,East ,,,Yes,,,,,,,,,,,,,,,,,,,,,
-118.3400445409,34.0994061877,High,,,Hollywood High School,West,,,,,,,,,,,,,,,,,,,,,,,,
-118.3191911521,34.0916446299,Elementary,,,Hollywood Primary Center,West,,,,,,,,,,,,,,,,,,,,,,,,
-118.2408530848,33.9961317891,Elementary,5108A,,Holmes Avenue Elementary School,East ,,,Yes,,,,,,,,,,,,,,,,,,,,,
-118.5061525493,34.2408873483,Middle,,,Holmes International Middle School,Northwest,,,,,,,,,,,,,,,,,,,,,,,,
-118.253568185,33.9962772638,Elementary,"30866B, 30866A",,Hooper Avenue Elementary School,Central,,,Yes,,,,,,,,,,,,,,,,,,,,,
-118.2525797678,33.9960753354,Elementary,,,Hooper Avenue Primary Center,Central,,,,,,,,,,,,,,,,,,,,,,,,
-118.2857901786,34.0565414729,Elementary,,,Hoover Street Elementary School,Central,,,,,,,,,,,,,,,,,,,,,,,,
-118.2094152794,33.9693380885,Elementary,"68173B, 68173A",,Hope Street Elementary School,East ,,,Yes,,,,,,,,,,,,,,,,,,,,,
-118.3114657543,33.9764547299,span,,,Horace Mann UCLA Community School,West,,,,,,,,,,,,,,,,,,,,,,,,
-118.4235718615,34.3141755916,Elementary,,,Hubbard Street Elementary School,Northeast,,,,,,,,,,,,,,,,,,,,,,,,
-118.3366015485,34.0879507979,Middle,,,Hubert Howe Bancroft Middle School,West,,,,,,,,,,,,,,,,,,,,,,,,
-118.170993537,34.0290669536,Elementary,,,Humphreys Avenue Elementary School,East,,,,,,,,,,,,,,,,,,,,,,,,
-118.191258636,34.0835690111,Elementary,,,Huntinghton Drive Elementary School,East,,,,,,,,,,,,,,,,,,,,,,,,
-118.1954918372,33.9852935145,Elementary,2391A,,Huntington Park Elementary School,East ,,,Yes,,,,,,,,,,,,,,,,,,,,,
-118.2190705214,33.9868328142,High,,,Huntington Park High School,East,,,,,,,,,,,,,,,,,,,,,,,,
-118.2106155003,33.9598264827,Elementary,"71711E, 71711D, 71711C, 71711B",,Independence Elementary School,East ,,,Yes,,,,,,,,,,,,,,,,,,,,,
-118.1790132131,33.9414263394,span,26304A,,International Studies Learning Center,East ,,,Yes,,,,,,,,,,,,,,,,,,,,,
-118.267254802,34.1091021931,Elementary,,,Ivanhoe Elementary School,Central,,,,,,,,,,,,,,,,,,,,,,,,
-118.1885874219,33.9686208201,Elementary,"6873B, 6873A",,Jaime Escalante Elementary School,East ,,,Yes,,,,,,,,,,,,,,,,,,,,,
-118.3071799404,34.0192679973,span,,,James A. Foshay Learning Center,Central,,,,,,,,,,,,,,,,,,,,,,,,
-118.1578100037,34.0257452364,High,,,James A. Garfield High School,East,,,,,,,,,,,,,,,,,,,,,,,,
-118.5715507375,34.2144862214,Middle,44071A,,James Jordan Middle School,Northwest,,,Yes,,,,,,,,,,,,,,,,,,,,,
-118.4165914034,34.1965007464,Middle,,,James Madison Middle School,Northeast,,,,,,,,,,,,,,,,,,,,,,,,
-118.4770230452,34.238568011,High,,,James Monroe High School,Northwest,,,,,,,,,,,,,,,,,,,,,,,,
-118.5702059885,34.2044447804,Middle,,,John A. Sutter Middle School,Northwest,,,,,,,,,,,,,,,,,,,,,,,,
-118.2741142753,34.0299240623,Middle,"91530B, 91530A",,John Adams Middle School,Central,,,Yes,,,,,,,,,,,,,,,,,,,,,
-118.4104307516,34.1829800398,Elementary,,,John B. Monlux Elementary School,Northeast,,,,,,,,,,,,,,,,,,,,,,,,
-118.3362452198,34.0637833862,Middle,,,John Burroughs Middle School,West,,,,,,,,,,,,,,,,,,,,,,,,
-118.2691885145,33.9700652391,High,,,John C. Fremont High School,South,,,,,,,,,,,,,,,,,,,,,,,,
-118.4970621762,34.2956240062,High,,,John F. Kennedy High School,Northwest,,,,,,,,,,,,,,,,,,,,,,,,
-118.4043584284,34.2229815764,High,,,John H. Francis Polytechnic High School,Northeast,,,,,,,,,,,,,,,,,,,,,,,,
-118.2695287873,34.0548509703,Middle,,,John H. Liechty Middle School,Central,,,,,,,,,,,,,,,,,,,,,,,,
-118.277522045,34.1081602034,High,,,John Marshall High School,Central,,,,,,,,,,,,,,,,,,,,,,,,
-118.2924405184,33.9869868471,Middle,,,John Muir Middle School,West,,,,,,,,,,,,,,,,,,,,,,,,
-118.2936321056,34.0267520507,Elementary,,,John W. Mack Elementary School,Central,,,,,,,,,,,,,,,,,,,,,,,,
-118.327202992,34.0428221789,Middle,"33455B, 33455A",,Johnnie L. Cochran Jr. Middle School,West,,,Yes,,,,,,,,,,,,,,,,,,,,,
-118.2365066146,33.969791993,High,,,Jordan High School ,South,,,,,,,,,,,,,,,,,,,,,,,,
-118.3175656215,34.0948540199,Middle,,,Joseph Le Conte Middle School,West,,,,,,,,,,,,,,,,,,,,,,,,
-118.2467186471,33.9563662426,Elementary,,,Judith F. Baca Arts Academy,South,,,,,,,,,,,,,,,,,,,,,,,,
-118.3938005483,34.2103318416,Elementary,,,Julie Korenstein Elementary School,Northeast,,,,,,,,,,,,,,,,,,,,,,,,
-118.6355106731,34.2157418095,Elementary,,,Justice Street Academy Charter School,Northwest,,,,,,,,,,,,,,,,,,,,,,,,
-118.427874420123,33.9587763196953,Middle,"57346B, 57346A",,Katherine Johnson STEM Academy,West,,,Yes,,,,,,,,,,,,,,,,,,,,,
-118.4890522372,34.0709121565,Elementary,,,Kenter Canyon Charter Elementary School,West,,,,,,,,,,,,,,,,,,,,,,,,
-118.4050280849,33.9621654205,Elementary,"4712C, 4712B, 4712A",,Kentwood Elementary School,West,,,Yes,,,,,,,,,,,,,,,,,,,,,
-118.4583374087,34.1677739121,Elementary,,,Kester Avenue Elementary School,Northeast,,,,,,,,,,,,,,,,,,,,,,,,
-118.3029548668,34.0918702732,Elementary,"40098B, 40098A",,Kingsley Elementary School,West,,,Yes,,,,,,,,,,,,,,,,,,,,,
-118.4296586464,34.1906784157,Elementary,,,Kittridge Street Elementary School,Northeast,,,,,,,,,,,,,,,,,,,,,,,,
-118.4926466558,34.2852655855,Elementary,91344K,,Knollwood Preparatory Academy,Northwest,,,Yes,,,,,,,,,,,,,,,,,,,,,
-118.30598756,33.9578439162,Elementary,4786A,,La Salle Avenue Elementary School,West,,,Yes,,,,,,,,,,,,,,,,,,,,,
-118.2806060816,34.0667078704,Elementary,,,Lafayette Park Primary Center,Central,,,,,,,,,,,,,,,,,,,,,,,,
-118.5015138184,34.1924127851,span,,,Lake Balboa Magnet,Northwest,,,,,,,,,,,,,,,,,,,,,,,,
-118.2710848058,34.0682287731,Elementary,,,Lake Street Primary School,Central,,,,,,,,,,,,,,,,,,,,,,,,
-118.4929751123,34.1484253862,Elementary,,,Lanai Road Elementary School,Northwest,,,,,,,,,,,,,,,,,,,,,,,,
-118.4703206019,34.2311269693,Elementary,,,Langdon Avenue Elementary School,Northwest,,,,,,,,,,,,,,,,,,,,,,,,
-118.3768700645,34.166590332,Elementary,,,Lankershim Elementary School,Northeast,,,,,,,,,,,,,,,,,,,,,,,,
-118.4592628591,34.2467690869,Elementary,"50576B, 50576A",,Lassen Elementary School,Northwest,,,Yes,,,,,,,,,,,,,,,,,,,,,
-118.2027401935,34.0918463038,Elementary,"83206B, 83206A",,Latona Avenue Elementary School,East ,,,Yes,,,,,,,,,,,,,,,,,,,,,
-118.3631179445,34.0903207963,Elementary,,,Laurel Elementary School,West,,,,,,,,,,,,,,,,,,,,,,,,
-118.2616538927,33.8562551976,Elementary,"19302B, 19302A",,Leapwood Avenue Elementary School,South,,,Yes,,,,,,,,,,,,,,,,,,,,,
-118.1788956362,33.9415160405,High,,,Legacy High School Complex,East ,,,,,,,,,,,,,,,,,,,,,,,,
-118.3007439628,33.7247816335,Elementary,,,Leland Street Elementary School,South,,,,,,,,,,,,,,,,,,,,,,,,
-118.5144210332,34.1936506263,Elementary,"91343D, 11206A ",,Lemay Street Elementary School,Northwest,,,Yes,,,,,,,,,,,,,,,,,,,,,
-118.2964931977,34.0217157854,Elementary,,,Lenicia B. Weemes Elementary School,Central,,,,,,,,,,,,,,,,,,,,,,,,
-118.2858635654,34.0515427981,Elementary,,,Leo Politi Elementary School,Central,,,,,,,,,,,,,,,,,,,,,,,,
-118.2880478861,34.0935888813,Elementary,,,Lexington Avenue Primary Center,Central,,,,,,,,,,,,,,,,,,,,,,,,
-118.2218899638,33.9618927614,Elementary,17228A,,Liberty Boulevard Elementary School,East ,,,Yes,,,,,,,,,,,,,,,,,,,,,
-118.446068907,34.2408922248,Elementary,,,Liggett Street Elementary School,Northwest,,,,,,,,,,,,,,,,,,,,,,,,
-118.2409269156,33.9865957692,Elementary,17483A,,Lillian Elementary School,East ,,,Yes,,,,,,,,,,,,,,,,,,,,,
-118.5821833091,34.2257045563,Elementary,,,Limerick Avenue Elementary School,Northwest,,,,,,,,,,,,,,,,,,,,,,,,
-118.2339378938,33.9823932848,High,,,Linda Esperanza Marquez High School,East,,,,,,,,,,,,,,,,,,,,,,,,
-118.6473050358,34.1835838769,Elementary,,,Lockhurst Drive Charter Elementary School,Northwest,,,,,,,,,,,,,,,,,,,,,,,,
-118.2883622182,34.089572618,Elementary,,,Lockwood Elementary School,Central,,,,,,,,,,,,,,,,,,,,,,,,
-118.2577855395,34.079013651,Elementary,,,Logan Street Elementary School,Central,,,,,,,,,,,,,,,,,,,,,,,,
-118.1999768462,33.9913496573,Elementary,37075A,,Loma Vista Elementary School,East ,,,Yes,,,,,,,,,,,,,,,,,,,,,
-118.3203096955,33.8015965709,Elementary,,,Lomita Elementary M/S/T Magnet,South,,,,,,,,,,,,,,,,,,,,,,,,
-118.2888992764,33.9694471379,Elementary,"83077B, 83077A, 52166A, 39608A",,Loren Miller Elementary School,South,,,Yes,,,,,,,,,,,,,,,,,,,,,
-118.2027466489,34.0257732387,Elementary,24329A,,Lorena Street Elementary School,East ,,,Yes,,,,,,,,,,,,,,,,,,,,,
-118.2165771197,34.0886429943,Elementary,"50256B, 50256A",,Loreto Elementary School,East ,,,Yes,,,,,,,,,,,,,,,,,,,,,
-118.5132592995,34.2169509809,Elementary,,,Lorne Street Elementary School,Northwest,,,,,,,,,,,,,,,,,,,,,,,,
-118.2636854458,33.9909400249,Middle,,,Los Angeles Academy Middle School,Central,,,,,,,,,,,,,,,,,,,,,,,,
-118.3715815683,34.043907758,span,,,Los Angeles Center for Enriched Studies,West,,,,,,,,,,,,,,,,,,,,,,,,
-118.3057947285,34.048587143,Elementary,"8322B, 8322A",,Los Angeles Elementary School,Central,,,Yes,,,,,,,,,,,,,,,,,,,,,
-118.3330663081,34.0556168152,High,,,Los Angeles High School,West,,,,,,,,,,,,,,,,,,,,,,,,
-118.2931998561,34.1030647769,Elementary,"32867B, 32867A",,Los Feliz Elementary School,Central,,,Yes,,,,,,,,,,,,,,,,,,,,,
-118.245456296,33.9346663096,Elementary,5783A,,Lovelia P. Flournoy Elementary School,South,,,Yes,,,,,,,,,,,,,,,,,,,,,
-118.4212779371,33.9578543145,Elementary,8821A,,Loyola Village Elementary Fine/Performing Arts Magnet,West,,,Yes,,,,,,,,,,,,,,,,,,,,,
-118.2090416275,33.9761374325,Elementary,96678A,,Lucille Roybal-Allard Elementary School,East ,,,Yes,,,,,,,,,,,,,,,,,,,,,
-118.2796033504,34.0576667483,Elementary,,,MacArthur Park Elementary Visual & Performing Arts,Central,,,,,,,,,,,,,,,,,,,,,,,,
-118.2144392992,33.9487545209,Elementary,,,Madison Elementary School,East,,,,,,,,,,,,,,,,,,,,,,,,
-118.2884141724,34.0436431637,Elementary,,,Magnolia Avenue Elementary School,Central,,,,,,,,,,,,,,,,,,,,,,,,
-118.5336617117,34.2217803826,Elementary,"7259X, 7259M, 7259K, 7259J, 80017B, 80017A, 80017B, 80017A, 7259G",,Magnolia Science Academy 7-Northridge,Northwest,,,Yes,,,,,,,,,,,,,,,,,,,,,
-118.2731196417,33.9947035812,Elementary,"44224B, 44224A",,Main Street Elementary School,Central,,,Yes,,,,,,,,,,,,,,,,,,,,,
-118.1947128584,34.0447832678,Elementary,15051A,,Malabar Street Elementary School,East ,,,Yes,,,,,,,,,,,,,,,,,,,,,
-118.2866213824,33.9591110173,Elementary,,,Manchester Avenue Elementary School,South,,,,,,,,,,,,,,,,,,,,,,,,
-118.3106123415,33.9487467229,Elementary,,,Manhattan Place Elementary School,West,,,,,,,,,,,,,,,,,,,,,,,,
-118.292188021,34.0084561375,High,,,Manual Arts High School,Central,,,,,,,,,,,,,,,,,,,,,,,,
-118.2706144786,34.0158696989,Elementary,,,Maple Primary Center,Central,,,,,,,,,,,,,,,,,,,,,,,,
-118.4343131189,34.0163189957,Elementary,,,Mar Vista Elementary School,West,,,,,,,,,,,,,,,,,,,,,,,,
-118.1750822609,34.03589824,Elementary,,,Marianna Avenue Elementary School,East,,,,,,,,,,,,,,,,,,,,,,,,
-118.4208952376,33.9877904794,Middle,,,Marina del Rey Middle School,West,,,,,,,,,,,,,,,,,,,,,,,,
-118.2991919288,34.0533233735,Elementary,,,Mariposa-Nabi Primary Center,Central,,,,,,,,,,,,,,,,,,,,,,,,
-118.3436804937,34.0089754339,span,,,Marlton School,West,,,,,,,,,,,,,,,,,,,,,,,,
-118.5476278623,34.0458841265,Elementary,"5164C, 5164B, 5164A",,Marquez Charter School,West,,,Yes,,,,,,,,,,,,,,,,,,,,,
-118.1981060447,33.978843071,Elementary,,,Martha Escutia Primary Center,East,,,,,,,,,,,,,,,,,,,,,,,,
-118.3083582372,34.0130049236,Elementary,,,Martin Luther King Jr. Elementary School,Central,,,,,,,,,,,,,,,,,,,,,,,,
-118.3643916735,34.0358318734,Elementary,"79783C, 79783B, 79783A",,Marvin Elementary School,West,,,Yes,,,,,,,,,,,,,,,,,,,,,
-118.2760001715,33.9779384395,Middle,"90003B, 90003A",,Mary Mcleod Bethune Middle School,South,,,Yes,,,,,,,,,,,,,,,,,,,,,
-118.1561950045,33.9391299585,Middle,2822G,,Mary R. Stauffer Middle School,Downey USD,,,Yes,,,,,,,,,,,,,,,,,,,,,
-118.3799214193,34.1786321472,Elementary,,,Maurice Sendak Elementary School,Northeast,,,,,,,,,,,,,,,,,,,,,,,,
-118.4953796747,34.2541632539,Elementary,,,Mayall Street Academy of Arts/Technology Magnet,Northwest,,,,,,,,,,,,,,,,,,,,,,,,
-118.2648062181,34.0845819992,Elementary,,,Mayberry Street Elementary School,Central,,,,,,,,,,,,,,,,,,,,,,,,
-118.1844901824,33.9935709523,Elementary,90270A,,Maywood Elementary School,East ,,,Yes,,,,,,,,,,,,,,,,,,,,,
-118.2604633102,33.9681593048,Elementary,,,Mckinley Avenue Elementary School,South,,,,,,,,,,,,,,,,,,,,,,,,
-118.3454202122,34.0843781937,Elementary,36771M,,Melrose Avenue Elementary Math/Science/Technology Magnet,West,,,Yes,,,,,,,,,,,,,,,,,,,,,
-118.5602095895,34.2100011981,Elementary,"91335B, 91335A",,Melvin Avenue Elementary School,Northwest,,,Yes,,,,,,,,,,,,,,,,,,,,,
-118.2898840772,34.0079794207,Elementary,,,Menlo Elementary School,Central,,,,,,,,,,,,,,,,,,,,,,,,
-118.2674680002,33.9575664286,High,,,Mervyn M. Dymally High School,South,,,,,,,,,,,,,,,,,,,,,,,,
-118.2953606849,33.8254830638,Elementary,,,Meyler Street Elementary School,South,,,,,,,,,,,,,,,,,,,,,,,,
-118.2755438263,34.0894875811,Elementary,,,Micheltorena Elementary School,Central,,,,,,,,,,,,,,,,,,,,,,,,
-118.3185674451,34.0319705953,span,90018A,,Mid-City's Prescott School of Enriched Sciences,West,,,Yes,,,,,,,,,,,,,,,,,,,,,
-118.2278736352,33.9801639066,Elementary,,,Middleton Elementary School,East,,,,,,,,,,,,,,,,,,,,,,,,
-118.2292818117,33.9794089021,Elementary,,,Middleton Primary Center,East,,,,,,,,,,,,,,,,,,,,,,,,
-118.2608728779,34.0578897605,High,,,Miguel Contreras Learning Complex,Central,,,,,,,,,,,,,,,,,,,,,,,,
-118.2188891791,33.9781287978,Elementary,78295A,,Miles Avenue Elementary School,East ,,,Yes,,,,,,,,,,,,,,,,,,,,,
-118.2505029497,33.9840762151,Elementary,,,Miramonte Elementary School,South,,,,,,,,,,,,,,,,,,,,,,,,
-118.415124173,34.2446685674,Elementary,"83723B, 83723A",,Montague Charter Academy,Northeast,,,Yes,,,,,,,,,,,,,,,,,,,,,
-118.2186466267,33.9448713611,Elementary,39201A,,Montara Avenue Elementary School,East ,,,Yes,,,,,,,,,,,,,,,,,,,,,
-118.1967640388,34.1177383968,Elementary,,,Monte Vista Elementary School,Central,,,,,,,,,,,,,,,,,,,,,,,,
-118.4353757615,34.3213102933,Elementary,,,Morningside Elementary School,Northeast,,,,,,,,,,,,,,,,,,,,,,,,
-118.3035965478,34.269655616,Middle,,,Mount Gleason Middle School,Northeast,,,,,,,,,,,,,,,,,,,,,,,,
-118.2160642564,34.1050249188,Elementary,,,Mount Washington Elementary School,Central,,,,,,,,,,,,,,,,,,,,,,,,
-118.2706324417,34.2582130667,Elementary,,,Mountain View Elementary School,Northeast,,,,,,,,,,,,,,,,,,,,,,,,
-118.1935538333,34.0686229442,Elementary,,,Multnomah Street Elementary School,East,,,,,,,,,,,,,,,,,,,,,,,,
-118.1957839315,34.0601466193,Elementary,,,Murchinson Street Elementary School,East,,,,,,,,,,,,,,,,,,,,,,,,
-118.6051784554,34.2056959724,Elementary,,,N.E.W. Canoga Park Elementary School,Northwest,,,,,,,,,,,,,,,,,,,,,,,,
-118.5473974021,34.2257838118,Elementary,98956N,,Napa Street Elementary School,Northwest,,,Yes,,,,,,,,,,,,,,,,,,,,,
-118.3060341802,33.803070214,High,,,Narbonne High School,South,,,,,,,,,,,,,,,,,,,,,,,,
-118.5305628044,34.162561632,Elementary,,,Nestle Avenue Charter School,Northwest,,,,,,,,,,,,,,,,,,,,,,,,
-118.6075354068,34.2240539684,Elementary,,,Nevada Avenue Elementary School,Northwest,,,,,,,,,,,,,,,,,,,,,,,,
-118.2468195346,34.0126936766,Elementary,83333A,,Nevin Avenue Elementary School,Central,,,Yes,,,,,,,,,,,,,,,,,,,,,
-118.5239907039,34.1897758597,Elementary,,,Newcastle Elementary School,Northwest,,,,,,,,,,,,,,,,,,,,,,,,
-118.552102165,34.2518477514,Middle,,,Nobel Middle School,Northwest,,,,,,,,,,,,,,,,,,,,,,,,
-118.4616513302,34.2232378335,Elementary,,,Noble Avenue Elementary School,Northwest,,,,,,,,,,,,,,,,,,,,,,,,
-118.4477986645,34.044427729,Elementary,,,Nora Sterry Elementary School,West,,,,,,,,,,,,,,,,,,,,,,,,
-118.2989490681,34.0032221219,Elementary,33969A,,Normandie Avenue Elementary School,Central,,,Yes,,,,,,,,,,,,,,,,,,,,,
-118.2931183968,33.7951459896,Elementary,,,Normont Elementary School,South,,,,,,,,,,,,,,,,,,,,,,,,
-118.3890782953,34.1658608531,High,,,North Hollywood High School,Northeast,,,,,,,,,,,,,,,,,,,,,,,,
-118.5246783304,34.2453571412,High,,,Northridge Academy High School,Northwest,,,,,,,,,,,,,,,,,,,,,,,,
-118.5252573097,34.2240320608,Middle,,,Northridge Middle School,Northwest,,,,,,,,,,,,,,,,,,,,,,,,
-118.2782748603,34.0354627844,Elementary,,,Norwood Street Elementary School,Central,,,,,,,,,,,,,,,,,,,,,,,,
-118.1881131045,33.9815271248,Elementary,,,Nueva Vista Elementary School,East,,,,,,,,,,,,,,,,,,,,,,,,
-118.1563227742,33.9380203988,Elementary,79300A,,Old River Elementary School,Downey USD,,,Yes,,,,,,,,,,,,,,,,,,,,,
-118.4494693185,34.3216540547,Middle,,,Olive Vista Middle School,Northeast,,,,,,,,,,,,,,,,,,,,,,,,
-118.5060805356,34.2409289664,Middle,"11566E, 11566D, 11566C, 11566B, 11566A",,Oliver Wendell Holmes International Middle School,Northwest,,,Yes,,,,,,,,,,,,,,,,,,,,,
-118.1995244166,33.9793028465,span,17621A,,Orchard Academies 2C - Global Studies & Technology Academy,East ,,,Yes,,,,,,,,,,,,,,,,,,,,,
-118.4034126606,33.968263372,Middle,"90021X, 90021W",,Orville Wright Middle School STEAM Magnet,West,,,Yes,,,,,,,,,,,,,,,,,,,,,
-118.4212213154,34.0384523001,Elementary,,,Overland Avenue Elementary School (withdrew),West,,,,,,,,,,,,,,,,,,,,,,,,
-118.2237944127,33.9911745655,Elementary,82020B,,Pacific Boulevard School,East ,,,Yes,,,,,,,,,,,,,,,,,,,,,
-118.4157596853,34.2705286866,Elementary,,,Pacoima Charter Elementary School,Northeast,,,,,,,,,,,,,,,,,,,,,,,,
-118.4233394064,34.2501587299,Middle,,,Pacoima Middle School,Northeast,,,,,,,,,,,,,,,,,,,,,,,,
-118.5273561172,34.0455268449,Elementary,"90272B, 90272A",,Palisades Charter Elementary School,West,,,Yes,,,,,,,,,,,,,,,,,,,,,
-118.5304988255,34.0473740379,High,,,Palisades Charter High School ,West,,,,,,,,,,,,,,,,,,,,,,,,
-118.4071206536,34.0258069345,Elementary,"22961B, 22961A",,Palms Elementary School,West,,,Yes,,,,,,,,,,,,,,,,,,,,,
-118.4165477279,34.0239017006,Middle,,,Palms Middle School,West,,,,,,,,,,,,,,,,,,,,,,,,
-118.4573838038,34.2271925127,Elementary,,,Panorama City Elementary School,Northwest,,,,,,,,,,,,,,,,,,,,,,,,
-118.4493726095,34.2168431785,High,,,Panorama High School ,Northeast,,,,,,,,,,,,,,,,,,,,,,,,
-118.174050443,33.9604304398,Elementary,52185A,,Park Avenue Elementary School,East ,,,Yes,,,,,,,,,,,,,,,,,,,,,
-118.3043671556,33.7533560007,Elementary,"90732B, 90732A",,Park Western Place Elementary School,South,,,Yes,,,,,,,,,,,,,,,,,,,,,
-118.2509418333,33.9702567715,Elementary,,,Parmelee Avenue Elementary School,South,,,,,,,,,,,,,,,,,,,,,,,,
-118.4992874326,34.2274132108,Elementary,,,Parthenia Street Elementary School,Northwest,,,,,,,,,,,,,,,,,,,,,,,,
-118.4341353342,33.956555646,Elementary,"7751B, 7751A",,Paseo del Rey Elementary Natural Science Magnet,West,,,Yes,,,,,,,,,,,,,,,,,,,,,
-118.5118968156,34.2591934426,Middle,11293A,,Patrick Henry Middle School,Northwest,,,Yes,,,,,,,,,,,,,,,,,,,,,
-118.4952722284,34.0551720078,Middle,,,Paul Revere Charter Middle School,West,,,,,,,,,,,,,,,,,,,,,,,,
-118.2621250981,33.7936402068,High,,,Phineas Banning High School,South,,,,,,,,,,,,,,,,,,,,,,,,
-118.2852800979,34.2534004085,Elementary,91042A,,Pinewood Avenue Elementary School,Northeast,,,Yes,,,,,,,,,,,,,,,,,,,,,
-118.3174448193,34.0462724175,span,,,Pio Pico Span School,West,,,,,,,,,,,,,,,,,,,,,,,,
-118.2984058583,34.2655678441,Elementary,,,Plainview Academic Charter Academy,Northeast,,,,,,,,,,,,,,,,,,,,,,,,
-118.4094624341,33.9826044304,Elementary,57950A,,Playa Del Rey Elementary School,West,,,Yes,,,,,,,,,,,,,,,,,,,,,
-118.4243647723,33.9688325541,Elementary,,,Playa Vista Elementary School,West,,,,,,,,,,,,,,,,,,,,,,,,
-118.4600902571,34.2402420186,Elementary,"87259B, 87259A",,Plummer Elementary School,Northwest,,,Yes,,,,,,,,,,,,,,,,,,,,,
-118.2902829475,33.7144309296,Elementary,,,Point Fermin Marine Science Magnet,South,,,,,,,,,,,,,,,,,,,,,,,,
-118.6431384394,34.2092426391,Elementary,"60742F, 60742E. 60742D, 60742C, 60742B, 60742A",,Pomelo Community Charter School,Northwest,,,Yes,,,,,,,,,,,,,,,,,,,,,
-118.479868067,34.2627144036,Middle,,,Porter Middle School,Northwest,,,,,,,,,,,,,,,,,,,,,,,,
-118.5816915837,34.2933931119,span,"12450B, 12450A, 12450P, 12450C",,Porter Ranch Community School,Northwest,,,Yes,,,,,,,,,,,,,,,,,,,,,
-118.5426740877,34.1668257865,Middle,,,Portola Middle School and Highly Gifted Magnet,Northwest,,,,,,,,,,,,,,,,,,,,,,,,
-118.3023451352,33.804593939,Elementary,,,President Avenue Elementary School,South,,,,,,,,,,,,,,,,,,,,,,,,
-118.4556776697,34.2353267241,Elementary,,,Primary Academy for Success School,Northwest,,,,,,,,,,,,,,,,,,,,,,,,
-118.2307444823,34.1188461328,span,,,PUC Santa Rosa Charter Academy,Central,,,,,,,,,,,,,,,,,,,,,,,,
-118.3194857026,33.9118437728,Elementary,2153A,,Purche Avenue Elementary School,South,,,Yes,,,,,,,,,,,,,,,,,,,,,
-118.3310229192,34.0525991836,Elementary,94007A,,Queen Anne Place Elementary School,West,,,Yes,,,,,,,,,,,,,,,,,,,,,
-118.2599108339,34.0142283087,Elementary,,,Quincy Jones Elementary School,Central,,,,,,,,,,,,,,,,,,,,,,,,
-118.2433890803,34.0592509012,High,,,Ramn C. Cortines School of Visual and Performing Arts ,Central,,,,,,,,,,,,,,,,,,,,,,,,
-118.3014372783,34.0987591898,Elementary,6178B 6178A,,Ramona Elementary School,West,,,Yes,,,,,,,,,,,,,,,,,,,,,
-118.4344776889,34.2151636404,Elementary,"82340B, 82340A",,Ranchito Avenue Elementary School,Northeast,,,Yes,,,,,,,,,,,,,,,,,,,,,
-118.2156748063,33.8342452707,span,"70081B, 70081A",,Rancho Dominguez Preparatory School,South,,,Yes,,,,,,,,,,,,,,,,,,,,,
-118.2990559914,33.9720934308,Elementary,7511A,,Raymond Avenue Elementary School,West,,,Yes,,,,,,,,,,,,,,,,,,,,,
-118.5302842226,34.1902741193,High,,,Reseda Charter High School,Northwest,,,,,,,,,,,,,,,,,,,,,,,,
-118.5384364262,34.2037201082,Elementary,,,Reseda Elementary School,Northwest,,,,,,,,,,,,,,,,,,,,,,,,
-118.2678995656,34.0106140118,Elementary,"39003B, 39003A",,Ricardo Lizarraga Elementary ,Central,,,Yes,,,,,,,,,,,,,,,,,,,,,
-118.4078316971,34.2242991432,Middle,,,Richard E. Byrd Middle School ,Northeast,,,,,,,,,,,,,,,,,,,,,,,,
-118.2952333031,33.7416318931,Middle,,,Richard Henry Dana Middle School,South,,,,,,,,,,,,,,,,,,,,,,,,
-118.1961332709,34.1113869667,Elementary,,,Richard Riordan Primary Center,Central,,,,,,,,,,,,,,,,,,,,,,,,
-118.4402835343,34.0286099935,Elementary,86266A,,Richland Avenue Elementary School,West,,,Yes,,,,,,,,,,,,,,,,,,,,,
-118.3715134673,34.1580960774,Elementary,,,Rio Vista Elementary School,Northeast,,,,,,,,,,,,,,,,,,,,,,,,
-118.2269430871,33.9341188293,Elementary,63010A,,Ritter Elementary School,South,,,Yes,,,,,,,,,,,,,,,,,,,,,
-118.4175333127,34.1586311448,Elementary,,,Riverside Drive Charter School,Northeast,,,,,,,,,,,,,,,,,,,,,,,,
-118.4275606639,34.1629897817,Middle,,,Robert A. Millikan Middle School,Northeast,,,,,,,,,,,,,,,,,,,,,,,,
-118.3008535207,33.8823552589,Middle,,,Robert E. Peary Middle School,South,,,,,,,,,,,,,,,,,,,,,,,,
-118.2974041977,34.0599707041,span,,,Robert F. Kennedy Community Schools,Central,,,,,,,,,,,,,,,,,,,,,,,,
-118.5117670694,34.2948873593,Middle,"73375D, 73375C, 73375B, 73375A",,Robert Frost Middle School,Northwest,,,Yes,,,,,,,,,,,,,,,,,,,,,
-118.4579287387,34.2081469302,span,,,Robert Fulton College Preparatory School,Northeast,,,,,,,,,,,,,,,,,,,,,,,,
-118.1521876827,34.0400050344,Elementary,"24606C, 24606B, 24606A",,Robert Hill Lane Elementary School,East ,,,Yes,,,,,,,,,,,,,,,,,,,,,
-118.1934306937,34.0262188031,Middle,,,Robert Louis Stevenson Middle School,East ,,,,,,,,,,,,,,,,,,,,,,,,
-118.1946377579,34.133352134,Elementary,,,Rockdale Visual & Performing Arts Magnet,Central,,,,,,,,,,,,,,,,,,,,,,,,
-118.2124791584,34.0513526631,High,,,Roosevelt High School,East,,,,,,,,,,,,,,,,,,,,,,,,
-118.4613254444,34.2315784213,Elementary,,,Rosa Parks Learning Center,Northwest,,,,,,,,,,,,,,,,,,,,,,,,
-118.3668018627,34.216163848,Elementary,,,Roscoe Elementary School,Northeast,,,,,,,,,,,,,,,,,,,,,,,,
-118.4642612944,34.1201643395,Elementary,2425R,,Roscomare Road Elementary School,West,,,Yes,,,,,,,,,,,,,,,,,,,,,
-118.2698227776,34.0725484392,Elementary,90026A,,Rosemont Avenue Elementary School,Central,,,Yes,,,,,,,,,,,,,,,,,,,,,
-118.3744798338,34.0806461913,Elementary,,,Rosewood Avenue Elementary School,West,,,,,,,,,,,,,,,,,,,,,,,,
-118.187328303,34.0285882065,Elementary,6425A,,Rowan Avenue Elementary School,East ,,,Yes,,,,,,,,,,,,,,,,,,,,,
-118.3969214423,34.1892829667,Middle,,,Roy Romer Middle School,Northeast,,,,,,,,,,,,,,,,,,,,,,,,
-118.3155166421,33.7664006572,Middle,"8111B, 8111A",,Rudecinda Sepulveda Dodson Middle School,South,,,Yes,,,,,,,,,,,,,,,,,,,,,
-118.2574387382,33.973006335,Elementary,"6438B, 6438A",,Russell Elementary School,South,,,Yes,,,,,,,,,,,,,,,,,,,,,
-118.2573292316,34.0021514402,Elementary,,,Sally Ride Elementary: A Smart Academy,Central,,,,,,,,,,,,,,,,,,,,,,,,
-118.2714481909,33.9322442459,Middle,90061A,,Samuel Gompers Middle School,South,,,Yes,,,,,,,,,,,,,,,,,,,,,
-118.2120656488,33.9834631136,Elementary,"71295B, 71295A",,San Antonio Elementary School,East ,,,Yes,,,,,,,,,,,,,,,,,,,,,
-118.4477260546,34.2799255426,Elementary,"34143B, 34143A",,San Fernando Elementary School,Northeast,,,Yes,,,,,,,,,,,,,,,,,,,,,
-118.4429144427,34.2713639404,High,,,San Fernando High School,Northeast,,,,,,,,,,,,,,,,,,,,,,,,
-118.4374221403,34.2831191382,Middle,"39997B, 39997A",,San Fernando Middle School,Northeast,,,Yes,,,,,,,,,,,,,,,,,,,,,
-118.2016851061,33.9561512442,Elementary,54210A,,San Gabriel Avenue Elementary School,East ,,,Yes,,,,,,,,,,,,,,,,,,,,,
-118.4581870702,34.262561202,Elementary,,,San Jose Highly Gifted Magnet Elementary,Northwest,,,,,,,,,,,,,,,,,,,,,,,,
-118.4583169368,34.2625329913,Elementary,,,San Jose Street Elementary School,Northwest,,,,,,,,,,,,,,,,,,,,,,,,
-118.202210764,33.9485339086,Elementary,2018C,,San Miguel Elementary School,East ,,,Yes,,,,,,,,,,,,,,,,,,,,,
-118.1721349548,34.1188930983,Elementary,90042A,,San Pascual Avenue Elementary STEAM,Central,,,Yes,,,,,,,,,,,,,,,,,,,,,
-118.299274373,33.730567448,High,,,San Pedro High School,South,,,,,,,,,,,,,,,,,,,,,,,,
-118.2579042969,34.028829923,Elementary,,,San Pedro Street Elementary School,Central,,,,,,,,,,,,,,,,,,,,,,,,
-118.3154080173,34.0895908416,Elementary,,,Santa Monica Boulevard Community Charter School,West,,,,,,,,,,,,,,,,,,,,,,,,
-118.2627844206,34.0285452249,High,,,Santee Education Complex ,Central,,,,,,,,,,,,,,,,,,,,,,,,
-118.4026429756,34.2704955095,Elementary,"91331B, 91331A",,Sara Coughlin Elementary School,Northeast,,,Yes,,,,,,,,,,,,,,,,,,,,,
-118.4157039634,34.2131296681,Elementary,,,Saticoy Elementary School,Northeast,,,,,,,,,,,,,,,,,,,,,,,,
-118.3563202807,34.0467472416,Elementary,,,Saturn Street Elementary School,West,,,,,,,,,,,,,,,,,,,,,,,,
-118.3345809771,34.1002707189,Elementary,,,Selma Avenue Elementary School,West,,,,,,,,,,,,,,,,,,,,,,,,
-118.4648863825,34.2419066855,Middle,,,Sepulveda Middle School,Northwest,,,,,,,,,,,,,,,,,,,,,,,,
-118.587449398,34.1606731586,Elementary,64360S,,Serrania Avenue Charter for Enriched Studies,Northwest,,,Yes,,,,,,,,,,,,,,,,,,,,,
-118.433014789,34.2523995909,Elementary,,,Sharp Avenue Elementary School,Northeast,,,,,,,,,,,,,,,,,,,,,,,,
-118.3851889438,34.0392909595,Elementary,,,Shenandoah Street Elementary School,West,,,,,,,,,,,,,,,,,,,,,,,,
-118.2079287635,34.0505118628,Elementary,66893A,,Sheridan Street Elementary School,East ,,,Yes,,,,,,,,,,,,,,,,,,,,,
-118.5384797256,34.1843940457,span,18605A,,Sherman Oaks Center for Enriched Studies,Northwest,,,Yes,,,,,,,,,,,,,,,,,,,,,
-118.455970972,34.1501575446,Elementary,,,Sherman Oaks Elementary Charter School,Northeast,,,,,,,,,,,,,,,,,,,,,,,,
-118.5572145465,34.1962516847,Elementary,"91343D, 10903D, 10903C, 10903A",,Shirley Avenue Elementary School,Northwest,,,Yes,,,,,,,,,,,,,,,,,,,,,
-118.4322653782,33.9901656682,Elementary,6740A,,Short Avenue Elementary School,West,,,Yes,,,,,,,,,,,,,,,,,,,,,
-118.1691064685,34.0825885473,Elementary,,,Sierra Park Elementary School,East ,,,,,,,,,,,,,,,,,,,,,,,,
-118.1578563935,34.1077907011,Elementary,54911A,,Sierra Vista Elementary School,East ,,,Yes,,,,,,,,,,,,,,,,,,,,,
-118.2323154099,34.0763065451,Elementary,"84918S, 84918B",,Solano Avenue Elementary School,East ,,,Yes,,,,,,,,,,,,,,,,,,,,,
-118.239214023,34.1028992153,High,,,Sonia M. Sotomayor Learning Academies,Central,,,,,,,,,,,,,,,,,,,,,,,,
-118.2168443647,34.0321122692,Elementary,1020S,,Soto Street Elementary School,East ,,,Yes,,,,,,,,,,,,,,,,,,,,,
-118.2222619949,33.9467533217,High,,,South East High School,East,,,,,,,,,,,,,,,,,,,,,,,,
-118.2093971862,33.9562662566,High,,,South Gate High School,East,,,,,,,,,,,,,,,,,,,,,,,,
-118.1977480618,33.952273178,Middle,"56489X, 56489S, 29025A",,South Gate Middle School,East ,,,Yes,,,,,,,,,,,,,,,,,,,,,
-118.2662563044,33.9611269244,Elementary,,,South Park Elementary School,South,,,,,,,,,,,,,,,,,,,,,,,,
-118.199572876,33.9796772126,Middle,,,South Region Middle School #2,East,,,,,,,,,,,,,,,,,,,,,,,,
-118.3222607552,33.7228353946,Elementary,,,South Shores Elementary Performing Arts Magnet,South,,,,,,,,,,,,,,,,,,,,,,,,
-118.2247254315,33.9462409673,Middle,"59925B, 59925A",,Southeast Middle School,East ,,,Yes,,,,,,,,,,,,,,,,,,,,,
-118.5066549906,34.2132267133,Elementary,,,Stagg Street Elementary School,Northwest,,,,,,,,,,,,,,,,,,,,,,,,
-118.217636089,33.9488280593,Elementary,"50108B, 50108A",,Stanford Primary Center ,East,,,Yes,,,,,,,,,,,,,,,,,,,,,
-118.211055710836,34.038706612957,High,,,Theodore Roosevelt High School,East,,,,,,,,,,,,,,,,,,,,,,,,
-118.5682772139,34.2036141683,Elementary,,,Stanley Mosk Elementary School,Northwest,,,,,,,,,,,,,,,,,,,,,,,,
-118.2120484224,33.964027417,Elementary,13984A,,State Street Elementary School,East ,,,Yes,,,,,,,,,,,,,,,,,,,,,
-118.3700679614,34.2498504319,Elementary,9851A,,Stonehurst Elementary School,Northeast,,,Yes,,,,,,,,,,,,,,,,,,,,,
-118.4134635805,33.9957392456,Elementary,44139A,,Stoner Avenue Elementary School,West,,,Yes,,,,,,,,,,,,,,,,,,,,,
-118.400090639,34.1926612726,Elementary,,,Strathern Street Elementary School,Northeast,,,,,,,,,,,,,,,,,,,,,,,,
-118.2648090627,33.9909597845,span,17259S,,Summit Preparatory Charter School,South,,,Yes,,,,,,,,,,,,,,,,,,,,,
-118.377765449,34.2041759136,Middle,,,Sun Valley Magnet School ,Northeast,,,,,,,,,,,,,,,,,,,,,,,,
-118.3149512607,34.2635630108,Elementary,,,Sunland Elementary School,Northeast,,,,,,,,,,,,,,,,,,,,,,,,
-118.5815720147,34.2131457831,Elementary,38076S,,Sunny Brae Elementary School,Northwest,,,Yes,,,,,,,,,,,,,,,,,,,,,
-118.2090799359,34.0292364747,Elementary,,,Sunrise Elementary School,East ,,,,,,,,,,,,,,,,,,,,,,,,
-118.574651796,34.2476211013,Elementary,,,Superior Street Elementary School,Northwest,,,,,,,,,,,,,,,,,,,,,,,,
-118.3463300848,34.0230385364,High,,,Susan Miller Dorsey High School ,West,,,,,,,,,,,,,,,,,,,,,,,,
-118.5702302008,34.2043914036,Middle,,,Sutter Middle School,Northwest,,,,,,,,,,,,,,,,,,,,,,,,
-118.4468533988,34.3124882439,Elementary,,,Sylmar Elementary School,Northeast,,,,,,,,,,,,,,,,,,,,,,,,
-118.4425157585,34.3075530427,High,,,Sylmar High School,Northeast,,,,,,,,,,,,,,,,,,,,,,,,
-118.4499931466,34.3190029424,span,,,Sylmar Leadership Academy,Northeast,,,,,,,,,,,,,,,,,,,,,,,,
-118.461447286,34.1834520489,Elementary,,,Sylvan Park Elementary School,Northwest,,,,,,,,,,,,,,,,,,,,,,,,
-118.2984604504,33.7627368832,Elementary,,,Taper Avenue Elementary School,South,,,,,,,,,,,,,,,,,,,,,,,,
-118.5460203699,34.1749896312,Elementary,,,Tarzana Elementary School,Northwest,,,,,,,,,,,,,,,,,,,,,,,,
-118.4321445196,34.2689754952,Elementary,,,Telfair Avenue Elementary School,Northeast,,,,,,,,,,,,,,,,,,,,,,,,
-118.1930481017,33.9663259811,Elementary,96815A,,Teresa Hughes Elementary School,East ,,,Yes,,,,,,,,,,,,,,,,,,,,,
-118.2508328172,33.9805471904,Middle,,,Thomas A. Edison Middle School,South,,,,,,,,,,,,,,,,,,,,,,,,
-118.2510126105,34.0098030175,High,,,Thomas Jefferson High School,Central,,,,,,,,,,,,,,,,,,,,,,,,
-118.2809218175,34.0964326599,Middle,"82300C, 82300A",,Thomas Starr King Middle School,Central,,,Yes,,,,,,,,,,,,,,,,,,,,,
-118.2173507956,34.1211835941,Elementary,7178A,,Toland Way Elementary School,Central,,,Yes,,,,,,,,,,,,,,,,,,,,,
-118.3613010391,34.1597700196,Elementary,,,Toluca Lake Elementary School,Northeast,,,,,,,,,,,,,,,,,,,,,,,,
-118.3224322942,34.0153775669,Elementary,6B,,Tom Bradley Global Awareness Magnet,West,,,Yes,,,,,,,,,,,,,,,,,,,,,
-118.6040943358,34.0923548801,Elementary,,,Topanga Elementary Charter School,West,,,,,,,,,,,,,,,,,,,,,,,,
-118.5467566604,34.2480761522,Elementary,,,Topeka Avenue Charter for Advanced Studies,Northwest,,,,,,,,,,,,,,,,,,,,,,,,
-117.9842282749,34.0574900178,Middle,751A,,Torch Middle School,Bassett USD,,,Yes,,,,,,,,,,,,,,,,,,,,,
-118.2678036433,33.8583278421,Elementary,,,Towne Avenue Elementary School,South,,,,,,,,,,,,,,,,,,,,,,,,
-118.2695636246,34.0121981367,Elementary,39403T,,Trinity Street Elementary School,Central,,,Yes,,,,,,,,,,,,,,,,,,,,,
-118.4924417487,34.2694335608,Elementary,,,Tulsa Street Elementary School,Northwest,,,,,,,,,,,,,,,,,,,,,,,,
-118.1825504782,33.9433996348,Elementary,,,Tweedy Elementary School,East,,,,,,,,,,,,,,,,,,,,,,,,
-118.4155758181,34.1776075974,High,,,Ulysses S. Grant High School,Northeast,,,,,,,,,,,,,,,,,,,,,,,,
-118.2669911618,34.0635085723,Elementary,90057U,,Union Avenue Elementary School,Central,,,Yes,,,,,,,,,,,,,,,,,,,,,
-118.4611842353,34.0464231483,High,,,University High School ,West,,,,,,,,,,,,,,,,,,,,,,,,
-118.224602894,34.049284355,span,,,Utah Street Span School,East,,,,,,,,,,,,,,,,,,,,,,,,
-118.4605842096,34.2051863183,Elementary,,,Valerio Street Elementary School,Northeast,,,,,,,,,,,,,,,,,,,,,,,,
-118.5034687124,34.2604099635,High,,,Valley Academy of Arts and Sciences,Northwest,,,,,,,,,,,,,,,,,,,,,,,,
-118.4482402545,34.1976190649,Middle,62098A,,Valley Charter Middle School,Northwest,,,Yes,,,,,,,,,,,,,,,,,,,,,
-118.3458688598,34.1295539091,Elementary,55065A,,Valley View Elementary School,West,,,Yes,,,,,,,,,,,,,,,,,,,,,
-118.2883377143,33.8388805173,Elementary,,,Van Deene Avenue Elementary School,South,,,,,,,,,,,,,,,,,,,,,,,,
-118.5059429815,34.305904255,Elementary,"76202B,76202A",,Van Gogh Charter School,Northwest,,,Yes,,,,,,,,,,,,,,,,,,,,,
-118.3163094292,34.0805375174,Elementary,"67735B, 67735A",,Van Ness Avenue Elementary School,West,,,Yes,,,,,,,,,,,,,,,,,,,,,
-118.4465547955,34.188241701,Elementary,,,Van Nuys Elementary School,Northwest,,,,,,,,,,,,,,,,,,,,,,,,
-118.4551416246,34.1895002809,High,,,Van Nuys High School,Northwest,,,,,,,,,,,,,,,,,,,,,,,,
-118.4521270692,34.1690846684,Middle,,,Van Nuys Middle School,Northeast,,,,,,,,,,,,,,,,,,,,,,,,
-118.5471585611,34.1829736729,Elementary,,,Vanalden Avenue Elementary School,Northwest,,,,,,,,,,,,,,,,,,,,,,,,
-118.4232775478,34.2811605509,span,,,Vaughn Next Century Learning Center,Northeast,,,,,,,,,,,,,,,,,,,,,,,,
-118.4208124317,34.2400693773,Elementary,"93926B, 93926A",,Vena Avenue Elementary School,Northeast,,,Yes,,,,,,,,,,,,,,,,,,,,,
-118.4436843121,33.9981857629,High,,,Venice High School ,West,,,,,,,,,,,,,,,,,,,,,,,,
-118.2986018332,34.2620263814,High,,,Verdugo Hills High School,Northeast,,,,,,,,,,,,,,,,,,,,,,,,
-118.292905767,34.0311808184,Elementary,,,Vermont Avenue Elementary School,Central,,,,,,,,,,,,,,,,,,,,,,,,
-118.2313446005,34.0037490359,Elementary,"85788B, 85788A",,Vernon City Elementary School,East ,,,Yes,,,,,,,,,,,,,,,,,,,,,
-118.2112564104,33.9465379936,Elementary,"77083X, 77083V",,Victoria Avenue Elementary School,East ,,,Yes,,,,,,,,,,,,,,,,,,,,,
-118.3922069391,34.1856069514,Elementary,,,Victory Boulevard Elementary School,Northeast,,,,,,,,,,,,,,,,,,,,,,,,
-118.3270244391,34.0884116412,Elementary,,,Vine Street Elementary School,West,,,,,,,,,,,,,,,,,,,,,,,,
-118.352082697,34.2338256083,Elementary,,,Vinedale Elementary School,Northeast,,,,,,,,,,,,,,,,,,,,,,,,
-118.2912349283,34.0740827901,Middle,,,Virgil Middle School,Central,,,,,,,,,,,,,,,,,,,,,,,,
-118.3397074264,34.0282801293,Elementary,"42925V, 42925B, 42925A",,Virginia Road Elementary School,West,,,Yes,,,,,,,,,,,,,,,,,,,,,
-118.4213314633,34.2961464346,Elementary,,,Vista Del Valle Dual Language Academy,Northeast,,,,,,,,,,,,,,,,,,,,,,,,
-118.4605320885,34.2248843352,Middle,,,Vista Middle School,Northeast,,,,,,,,,,,,,,,,,,,,,,,,
-118.2585463513,34.0097085538,Elementary,,,Wadsworth Avenue Elementary School,Central,,,,,,,,,,,,,,,,,,,,,,,,
-118.4518955731,34.0059624473,Elementary,,,Walgrove Avenue Elementary School,West,,,,,,,,,,,,,,,,,,,,,,,,
-118.2240148464,33.9706890634,Elementary,18551A,,Walnut Park Elementary School,South,,,Yes,,,,,,,,,,,,,,,,,,,,,
-118.231306452,33.973519821,Middle,"56209A, 46095B",,Walnut Park Middle School ,East ,,,Yes,,,,,,,,,,,,,,,,,,,,,
-118.386411615,34.1534091706,Middle,,,Walter Reed Middle School ,Northeast,,,,,,,,,,,,,,,,,,,,,,,,
-118.4337297606,34.0700545546,Elementary,,,Warner Avenue Elementary School,West,,,,,,,,,,,,,,,,,,,,,,,,
-118.2410941492,34.1169844117,Middle,,,Washington Irving STEAM Magnet School,Central,,,,,,,,,,,,,,,,,,,,,,,,
-118.3042653445,33.9374814368,High,,,Washington Preparatory High School,West,,,,,,,,,,,,,,,,,,,,,,,,
-118.2906369905,33.9332209974,Elementary,,,Washington Primary Center,South,,,,,,,,,,,,,,,,,,,,,,,,
-118.2301665055,33.941347518,Elementary,76384W,,Weigand Avenue Elementary School,South,,,Yes,,,,,,,,,,,,,,,,,,,,,
-118.6378324161,34.1915771201,Elementary,,,Welby Way Charter Elementary and Gifted-High Ability Magnet,Northwest,,,,,,,,,,,,,,,,,,,,,,,,
-118.290204004,34.039824278,High,,,West Adams Preparatory High School,Central,,,,,,,,,,,,,,,,,,,,,,,,
-118.2945182673,33.9246075946,Elementary,"97405C, 97405B",,West Athens Elementary School,West,,,Yes,,,,,,,,,,,,,,,,,,,,,
-118.3873339976,34.0895021901,Elementary,,,West Hollywood Elementary School,West,,,,,,,,,,,,,,,,,,,,,,,,
-118.2801290224,34.0056233283,Elementary,,,West Vernon Avenue Elementary School,Central,,,,,,,,,,,,,,,,,,,,,,,,
-118.4287702905,33.9581907018,High,,,Westchester Enriched Sciences Magnets,West,,,,,,,,,,,,,,,,,,,,,,,,
-118.3073162761,33.9942566729,Elementary,34453A,,Western Avenue Elementary School,West,,,Yes,,,,,,,,,,,,,,,,,,,,,
-118.4721945963,33.9920523207,Elementary,,,Westminster Avenue Elementary Math/Technology/Environmental Studies Magnet,West,,,,,,,,,,,,,,,,,,,,,,,,
-118.3884276624,33.9667344699,Elementary,6011W,,Westport Heights Elementary School,West,,,Yes,,,,,,,,,,,,,,,,,,,,,
-118.4302524765,34.0474002212,Elementary,,,Westwood Charter Elementary School,West,,,,,,,,,,,,,,,,,,,,,,,,
-118.3079996268,33.7168813514,Elementary,,,White Point Elementary School,South,,,,,,,,,,,,,,,,,,,,,,,,
-118.5447838175,34.1647346422,Elementary,,,Wilbur Charter for Enriched Academics,Northwest,,,,,,,,,,,,,,,,,,,,,,,,
-118.5714184144,34.1699152699,High,,,William Howard Taft Charter High School ,Northwest,,,,,,,,,,,,,,,,,,,,,,,,
-118.2760105056,34.0178363151,Middle,,,William Jefferson Clinton Middle School ,Central,,,,,,,,,,,,,,,,,,,,,,,,
-118.2226604609,33.9585608189,Elementary,,,Willow Elementary School,East,,,,,,,,,,,,,,,,,,,,,,,,
-118.2741299729,33.7980700274,Middle,"4526B, 4526A",,Wilmington Middle School STEAM Magnet,South,,,Yes,,,,,,,,,,,,,,,,,,,,,
-118.2463530576,33.7863134331,Elementary,,,Wilmington Park Elementary School,South,,,,,,,,,,,,,,,,,,,,,,,,
-118.3435730214,34.0582457874,Elementary,,,Wilshire Crest Elementary School,West,,,,,,,,,,,,,,,,,,,,,,,,
-118.3156340809,34.0615004229,Elementary,31512A,,Wilshire Park Elementary School,West,,,Yes,,,,,,,,,,,,,,,,,,,,,
-118.185282971,34.0817221047,High,,,Wilson High School ,East,,,,,,,,,,,,,,,,,,,,,,,,
-118.3146122403,34.058593089,Elementary,85756A,,Wilton Place Elementary School,West,,,Yes,,,,,,,,,,,,,,,,,,,,,
-118.3557450946,33.9962925199,Elementary,,,Windsor Hills Elementary Math/Science Aerospace Magnet,West,,,,,,,,,,,,,,,,,,,,,,,,
-118.5700064162,34.2198230859,Elementary,"17046B, 17046A",,Winnetka Avenue Elementary School,Northwest,,,Yes,,,,,,,,,,,,,,,,,,,,,
-118.2561280131,33.9736472577,Elementary,,,Wisdom Elementary School,South,,,,,,,,,,,,,,,,,,,,,,,,
-118.3801849723,34.114564241,Elementary,,,Wonderland Avenue Elementary School,West,,,,,,,,,,,,,,,,,,,,,,,,
-118.292622946,33.9670899219,Elementary,,,Woodcrest Elementary School,West,,,,,,,,,,,,,,,,,,,,,,,,
-118.6334645744,34.1765455613,Elementary,45477A,,Woodlake Elementary Community Charter School,Northwest,,,Yes,,,,,,,,,,,,,,,,,,,,,
-118.5868937897,34.1706446878,Middle,,,Woodland Hills Academy ,Northwest,,,,,,,,,,,,,,,,,,,,,,,,
-118.610178951,34.1596964101,Elementary,,,Woodland Hills Elementary Charter for Enriched Studies,Northwest,,,,,,,,,,,,,,,,,,,,,,,,
-118.1772689555,33.9778075648,Elementary,19217A,,Woodlawn Avenue Elementary School,West,,,Yes,,,,,,,,,,,,,,,,,,,,,
-118.1942367613,34.1210993543,Elementary,33868A,,Yorkdale Elementary School,West,,,Yes,,,,,,,,,,,,,,,,,,,,,
-118.3279885615,33.9806739048,Elementary,,,Young Empowered Scholars Academy,West,,,,,,,,,,,,,,,,,,,,,,,,
-118.2901039498,34.063253833,Middle,,,Young Oak Kim Academy,Central,,,,,,,,,,,,,,,,,,,,,,,,